class_label,qhat,n_calibration_units,order_index,empirical_quantile_level,dataset_id,representation,algorithm,probability_status,method,calibration_mode,nominal_coverage,lambda_reg,k_reg,randomization_seed
__MARGINAL__,0.3766131449247587,2709,2439,0.9003322259136213,dry_bean,R1_full_native,rbf_svm,native,LAC,marginal,0.9,0.0,1,2026080501
BARBUNYA,0.5013892553761914,255,231,0.9058823529411764,dry_bean,R1_full_native,rbf_svm,native,LAC,mondrian,0.9,0.0,1,2026080501
BOMBAY,0.0213923681691156,109,99,0.908256880733945,dry_bean,R1_full_native,rbf_svm,native,LAC,mondrian,0.9,0.0,1,2026080501
CALI,0.4167961346843262,336,304,0.9047619047619048,dry_bean,R1_full_native,rbf_svm,native,LAC,mondrian,0.9,0.0,1,2026080501
DERMASON,0.3256958483457863,727,656,0.9023383768913342,dry_bean,R1_full_native,rbf_svm,native,LAC,mondrian,0.9,0.0,1,2026080501
HOROZ,0.3125022595563161,371,335,0.9029649595687332,dry_bean,R1_full_native,rbf_svm,native,LAC,mondrian,0.9,0.0,1,2026080501
SEKER,0.1923440243565349,378,342,0.9047619047619048,dry_bean,R1_full_native,rbf_svm,native,LAC,mondrian,0.9,0.0,1,2026080501
SIRA,0.6276140884189139,533,481,0.902439024390244,dry_bean,R1_full_native,rbf_svm,native,LAC,mondrian,0.9,0.0,1,2026080501
__MARGINAL__,0.7351791403973058,2709,2575,0.9505352528608344,dry_bean,R1_full_native,rbf_svm,native,LAC,marginal,0.95,0.0,1,2026080501
BARBUNYA,0.7893161142035237,255,244,0.9568627450980391,dry_bean,R1_full_native,rbf_svm,native,LAC,mondrian,0.95,0.0,1,2026080501
BOMBAY,0.0309365861277679,109,105,0.963302752293578,dry_bean,R1_full_native,rbf_svm,native,LAC,mondrian,0.95,0.0,1,2026080501
CALI,0.7407660585102465,336,321,0.9553571428571428,dry_bean,R1_full_native,rbf_svm,native,LAC,mondrian,0.95,0.0,1,2026080501
DERMASON,0.6135891514094923,727,692,0.951856946354883,dry_bean,R1_full_native,rbf_svm,native,LAC,mondrian,0.95,0.0,1,2026080501
HOROZ,0.819860115462165,371,354,0.954177897574124,dry_bean,R1_full_native,rbf_svm,native,LAC,mondrian,0.95,0.0,1,2026080501
SEKER,0.655308331642585,378,361,0.955026455026455,dry_bean,R1_full_native,rbf_svm,native,LAC,mondrian,0.95,0.0,1,2026080501
SIRA,0.8468374293741885,533,508,0.953095684803002,dry_bean,R1_full_native,rbf_svm,native,LAC,mondrian,0.95,0.0,1,2026080501
__MARGINAL__,0.9030950951734784,2709,2439,0.9003322259136213,dry_bean,R1_full_native,rbf_svm,native,APS,marginal,0.9,0.0,1,2026080501
BARBUNYA,0.9184494168707068,255,231,0.9058823529411764,dry_bean,R1_full_native,rbf_svm,native,APS,mondrian,0.9,0.0,1,2026080501
BOMBAY,0.9208807878742796,109,99,0.908256880733945,dry_bean,R1_full_native,rbf_svm,native,APS,mondrian,0.9,0.0,1,2026080501
CALI,0.8904795216471474,336,304,0.9047619047619048,dry_bean,R1_full_native,rbf_svm,native,APS,mondrian,0.9,0.0,1,2026080501
DERMASON,0.8990735725500612,727,656,0.9023383768913342,dry_bean,R1_full_native,rbf_svm,native,APS,mondrian,0.9,0.0,1,2026080501
HOROZ,0.8974451717631486,371,335,0.9029649595687332,dry_bean,R1_full_native,rbf_svm,native,APS,mondrian,0.9,0.0,1,2026080501
SEKER,0.9157647229138488,378,342,0.9047619047619048,dry_bean,R1_full_native,rbf_svm,native,APS,mondrian,0.9,0.0,1,2026080501
SIRA,0.9052571668372618,533,481,0.902439024390244,dry_bean,R1_full_native,rbf_svm,native,APS,mondrian,0.9,0.0,1,2026080501
__MARGINAL__,0.9510532910027129,2709,2575,0.9505352528608344,dry_bean,R1_full_native,rbf_svm,native,APS,marginal,0.95,0.0,1,2026080501
BARBUNYA,0.9542794673001406,255,244,0.9568627450980391,dry_bean,R1_full_native,rbf_svm,native,APS,mondrian,0.95,0.0,1,2026080501
BOMBAY,0.966563579772984,109,105,0.963302752293578,dry_bean,R1_full_native,rbf_svm,native,APS,mondrian,0.95,0.0,1,2026080501
CALI,0.9441586786043448,336,321,0.9553571428571428,dry_bean,R1_full_native,rbf_svm,native,APS,mondrian,0.95,0.0,1,2026080501
DERMASON,0.933328329219814,727,692,0.951856946354883,dry_bean,R1_full_native,rbf_svm,native,APS,mondrian,0.95,0.0,1,2026080501
HOROZ,0.962368096300244,371,354,0.954177897574124,dry_bean,R1_full_native,rbf_svm,native,APS,mondrian,0.95,0.0,1,2026080501
SEKER,0.9516681648896106,378,361,0.955026455026455,dry_bean,R1_full_native,rbf_svm,native,APS,mondrian,0.95,0.0,1,2026080501
SIRA,0.9653297186723462,533,508,0.953095684803002,dry_bean,R1_full_native,rbf_svm,native,APS,mondrian,0.95,0.0,1,2026080501
__MARGINAL__,0.9080372163416086,2709,2439,0.9003322259136213,dry_bean,R1_full_native,rbf_svm,native,RAPS,marginal,0.9,0.01,1,2026080501
BARBUNYA,0.9220132383737816,255,231,0.9058823529411764,dry_bean,R1_full_native,rbf_svm,native,RAPS,mondrian,0.9,0.01,1,2026080501
BOMBAY,0.9208807878742796,109,99,0.908256880733945,dry_bean,R1_full_native,rbf_svm,native,RAPS,mondrian,0.9,0.01,1,2026080501
CALI,0.8904795216471474,336,304,0.9047619047619048,dry_bean,R1_full_native,rbf_svm,native,RAPS,mondrian,0.9,0.01,1,2026080501
DERMASON,0.9006385052779966,727,656,0.9023383768913342,dry_bean,R1_full_native,rbf_svm,native,RAPS,mondrian,0.9,0.01,1,2026080501
HOROZ,0.9026952551063266,371,335,0.9029649595687332,dry_bean,R1_full_native,rbf_svm,native,RAPS,mondrian,0.9,0.01,1,2026080501
SEKER,0.9168678818621128,378,342,0.9047619047619048,dry_bean,R1_full_native,rbf_svm,native,RAPS,mondrian,0.9,0.01,1,2026080501
SIRA,0.91406558167038,533,481,0.902439024390244,dry_bean,R1_full_native,rbf_svm,native,RAPS,mondrian,0.9,0.01,1,2026080501
__MARGINAL__,0.9524623317457144,2709,2575,0.9505352528608344,dry_bean,R1_full_native,rbf_svm,native,RAPS,marginal,0.95,0.01,1,2026080501
BARBUNYA,0.9642794673001406,255,244,0.9568627450980391,dry_bean,R1_full_native,rbf_svm,native,RAPS,mondrian,0.95,0.01,1,2026080501
BOMBAY,0.966563579772984,109,105,0.963302752293578,dry_bean,R1_full_native,rbf_svm,native,RAPS,mondrian,0.95,0.01,1,2026080501
CALI,0.9441586786043448,336,321,0.9553571428571428,dry_bean,R1_full_native,rbf_svm,native,RAPS,mondrian,0.95,0.01,1,2026080501
DERMASON,0.9378408993038484,727,692,0.951856946354883,dry_bean,R1_full_native,rbf_svm,native,RAPS,mondrian,0.95,0.01,1,2026080501
HOROZ,0.9706510370319728,371,354,0.954177897574124,dry_bean,R1_full_native,rbf_svm,native,RAPS,mondrian,0.95,0.01,1,2026080501
SEKER,0.9556757100919115,378,361,0.955026455026455,dry_bean,R1_full_native,rbf_svm,native,RAPS,mondrian,0.95,0.01,1,2026080501
SIRA,0.9729550295403968,533,508,0.953095684803002,dry_bean,R1_full_native,rbf_svm,native,RAPS,mondrian,0.95,0.01,1,2026080501
__MARGINAL__,0.3733555057646756,2709,2439,0.9003322259136213,dry_bean,R1_full_native,rbf_svm,temperature_scaled,LAC,marginal,0.9,0.0,1,2026080501
BARBUNYA,0.5009732273087996,255,231,0.9058823529411764,dry_bean,R1_full_native,rbf_svm,temperature_scaled,LAC,mondrian,0.9,0.0,1,2026080501
BOMBAY,0.019200518502095,109,99,0.908256880733945,dry_bean,R1_full_native,rbf_svm,temperature_scaled,LAC,mondrian,0.9,0.0,1,2026080501
CALI,0.4134107370546587,336,304,0.9047619047619048,dry_bean,R1_full_native,rbf_svm,temperature_scaled,LAC,mondrian,0.9,0.0,1,2026080501
DERMASON,0.3219515199563213,727,656,0.9023383768913342,dry_bean,R1_full_native,rbf_svm,temperature_scaled,LAC,mondrian,0.9,0.0,1,2026080501
HOROZ,0.3070063699469838,371,335,0.9029649595687332,dry_bean,R1_full_native,rbf_svm,temperature_scaled,LAC,mondrian,0.9,0.0,1,2026080501
SEKER,0.185471168664957,378,342,0.9047619047619048,dry_bean,R1_full_native,rbf_svm,temperature_scaled,LAC,mondrian,0.9,0.0,1,2026080501
SIRA,0.6295687116992537,533,481,0.902439024390244,dry_bean,R1_full_native,rbf_svm,temperature_scaled,LAC,mondrian,0.9,0.0,1,2026080501
__MARGINAL__,0.7385682840295502,2709,2575,0.9505352528608344,dry_bean,R1_full_native,rbf_svm,temperature_scaled,LAC,marginal,0.95,0.0,1,2026080501
BARBUNYA,0.7927943145591396,255,244,0.9568627450980391,dry_bean,R1_full_native,rbf_svm,temperature_scaled,LAC,mondrian,0.95,0.0,1,2026080501
BOMBAY,0.0279887574034825,109,105,0.963302752293578,dry_bean,R1_full_native,rbf_svm,temperature_scaled,LAC,mondrian,0.95,0.0,1,2026080501
CALI,0.744708297153983,336,321,0.9553571428571428,dry_bean,R1_full_native,rbf_svm,temperature_scaled,LAC,mondrian,0.95,0.0,1,2026080501
DERMASON,0.6142769281630256,727,692,0.951856946354883,dry_bean,R1_full_native,rbf_svm,temperature_scaled,LAC,mondrian,0.95,0.0,1,2026080501
HOROZ,0.8221173522053562,371,354,0.954177897574124,dry_bean,R1_full_native,rbf_svm,temperature_scaled,LAC,mondrian,0.95,0.0,1,2026080501
SEKER,0.6562506971026925,378,361,0.955026455026455,dry_bean,R1_full_native,rbf_svm,temperature_scaled,LAC,mondrian,0.95,0.0,1,2026080501
SIRA,0.8510073261954789,533,508,0.953095684803002,dry_bean,R1_full_native,rbf_svm,temperature_scaled,LAC,mondrian,0.95,0.0,1,2026080501
__MARGINAL__,0.905053899120622,2709,2439,0.9003322259136213,dry_bean,R1_full_native,rbf_svm,temperature_scaled,APS,marginal,0.9,0.0,1,2026080501
BARBUNYA,0.9193141769036428,255,231,0.9058823529411764,dry_bean,R1_full_native,rbf_svm,temperature_scaled,APS,mondrian,0.9,0.0,1,2026080501
BOMBAY,0.9214908898641326,109,99,0.908256880733945,dry_bean,R1_full_native,rbf_svm,temperature_scaled,APS,mondrian,0.9,0.0,1,2026080501
CALI,0.8908468607342919,336,304,0.9047619047619048,dry_bean,R1_full_native,rbf_svm,temperature_scaled,APS,mondrian,0.9,0.0,1,2026080501
DERMASON,0.9000694852957479,727,656,0.9023383768913342,dry_bean,R1_full_native,rbf_svm,temperature_scaled,APS,mondrian,0.9,0.0,1,2026080501
HOROZ,0.8987530777941746,371,335,0.9029649595687332,dry_bean,R1_full_native,rbf_svm,temperature_scaled,APS,mondrian,0.9,0.0,1,2026080501
SEKER,0.9176080046722236,378,342,0.9047619047619048,dry_bean,R1_full_native,rbf_svm,temperature_scaled,APS,mondrian,0.9,0.0,1,2026080501
SIRA,0.9066095587452524,533,481,0.902439024390244,dry_bean,R1_full_native,rbf_svm,temperature_scaled,APS,mondrian,0.9,0.0,1,2026080501
__MARGINAL__,0.951961553618722,2709,2575,0.9505352528608344,dry_bean,R1_full_native,rbf_svm,temperature_scaled,APS,marginal,0.95,0.0,1,2026080501
BARBUNYA,0.9559048857025654,255,244,0.9568627450980391,dry_bean,R1_full_native,rbf_svm,temperature_scaled,APS,mondrian,0.95,0.0,1,2026080501
BOMBAY,0.9673464620659672,109,105,0.963302752293578,dry_bean,R1_full_native,rbf_svm,temperature_scaled,APS,mondrian,0.95,0.0,1,2026080501
CALI,0.9462246399918212,336,321,0.9553571428571428,dry_bean,R1_full_native,rbf_svm,temperature_scaled,APS,mondrian,0.95,0.0,1,2026080501
DERMASON,0.9357742635244544,727,692,0.951856946354883,dry_bean,R1_full_native,rbf_svm,temperature_scaled,APS,mondrian,0.95,0.0,1,2026080501
HOROZ,0.9644905368375932,371,354,0.954177897574124,dry_bean,R1_full_native,rbf_svm,temperature_scaled,APS,mondrian,0.95,0.0,1,2026080501
SEKER,0.9521367171598918,378,361,0.955026455026455,dry_bean,R1_full_native,rbf_svm,temperature_scaled,APS,mondrian,0.95,0.0,1,2026080501
SIRA,0.967357058171876,533,508,0.953095684803002,dry_bean,R1_full_native,rbf_svm,temperature_scaled,APS,mondrian,0.95,0.0,1,2026080501
__MARGINAL__,0.9095661181341568,2709,2439,0.9003322259136213,dry_bean,R1_full_native,rbf_svm,temperature_scaled,RAPS,marginal,0.9,0.01,1,2026080501
BARBUNYA,0.923794619241472,255,231,0.9058823529411764,dry_bean,R1_full_native,rbf_svm,temperature_scaled,RAPS,mondrian,0.9,0.01,1,2026080501
BOMBAY,0.9214908898641326,109,99,0.908256880733945,dry_bean,R1_full_native,rbf_svm,temperature_scaled,RAPS,mondrian,0.9,0.01,1,2026080501
CALI,0.8908468607342919,336,304,0.9047619047619048,dry_bean,R1_full_native,rbf_svm,temperature_scaled,RAPS,mondrian,0.9,0.01,1,2026080501
DERMASON,0.9022302193545528,727,656,0.9023383768913342,dry_bean,R1_full_native,rbf_svm,temperature_scaled,RAPS,mondrian,0.9,0.01,1,2026080501
HOROZ,0.905362583251255,371,335,0.9029649595687332,dry_bean,R1_full_native,rbf_svm,temperature_scaled,RAPS,mondrian,0.9,0.01,1,2026080501
SEKER,0.9190538763100928,378,342,0.9047619047619048,dry_bean,R1_full_native,rbf_svm,temperature_scaled,RAPS,mondrian,0.9,0.01,1,2026080501
SIRA,0.9166095587452524,533,481,0.902439024390244,dry_bean,R1_full_native,rbf_svm,temperature_scaled,RAPS,mondrian,0.9,0.01,1,2026080501
__MARGINAL__,0.9536781056261804,2709,2575,0.9505352528608344,dry_bean,R1_full_native,rbf_svm,temperature_scaled,RAPS,marginal,0.95,0.01,1,2026080501
BARBUNYA,0.9659048857025654,255,244,0.9568627450980391,dry_bean,R1_full_native,rbf_svm,temperature_scaled,RAPS,mondrian,0.95,0.01,1,2026080501
BOMBAY,0.9673464620659672,109,105,0.963302752293578,dry_bean,R1_full_native,rbf_svm,temperature_scaled,RAPS,mondrian,0.95,0.01,1,2026080501
CALI,0.9462246399918212,336,321,0.9553571428571428,dry_bean,R1_full_native,rbf_svm,temperature_scaled,RAPS,mondrian,0.95,0.01,1,2026080501
DERMASON,0.9395335107970132,727,692,0.951856946354883,dry_bean,R1_full_native,rbf_svm,temperature_scaled,RAPS,mondrian,0.95,0.01,1,2026080501
HOROZ,0.9710626208199862,371,354,0.954177897574124,dry_bean,R1_full_native,rbf_svm,temperature_scaled,RAPS,mondrian,0.95,0.01,1,2026080501
SEKER,0.9560580944012532,378,361,0.955026455026455,dry_bean,R1_full_native,rbf_svm,temperature_scaled,RAPS,mondrian,0.95,0.01,1,2026080501
SIRA,0.9738962535708228,533,508,0.953095684803002,dry_bean,R1_full_native,rbf_svm,temperature_scaled,RAPS,mondrian,0.95,0.01,1,2026080501
__MARGINAL__,0.0305064104869704,1840,1657,0.9005434782608696,iniap_rice,R4_hybrid_log_area,rbf_svm,native,LAC,marginal,0.9,0.0,1,2026080501
INIAP-11,0.0013965540140185,592,534,0.902027027027027,iniap_rice,R4_hybrid_log_area,rbf_svm,native,LAC,mondrian,0.9,0.0,1,2026080501
INIAP-12,0.0354896853878353,790,712,0.9012658227848102,iniap_rice,R4_hybrid_log_area,rbf_svm,native,LAC,mondrian,0.9,0.0,1,2026080501
INIAP-20,0.0870256333498625,458,414,0.9039301310043668,iniap_rice,R4_hybrid_log_area,rbf_svm,native,LAC,mondrian,0.9,0.0,1,2026080501
__MARGINAL__,0.0885304921570649,1840,1749,0.9505434782608696,iniap_rice,R4_hybrid_log_area,rbf_svm,native,LAC,marginal,0.95,0.0,1,2026080501
INIAP-11,0.0034819497957258,592,564,0.9527027027027029,iniap_rice,R4_hybrid_log_area,rbf_svm,native,LAC,mondrian,0.95,0.0,1,2026080501
INIAP-12,0.1144259693731497,790,752,0.9518987341772152,iniap_rice,R4_hybrid_log_area,rbf_svm,native,LAC,mondrian,0.95,0.0,1,2026080501
INIAP-20,0.2436084438189145,458,437,0.9541484716157204,iniap_rice,R4_hybrid_log_area,rbf_svm,native,LAC,mondrian,0.95,0.0,1,2026080501
__MARGINAL__,0.8999172871839308,1840,1657,0.9005434782608696,iniap_rice,R4_hybrid_log_area,rbf_svm,native,APS,marginal,0.9,0.0,1,2026080501
INIAP-11,0.8950889671465284,592,534,0.902027027027027,iniap_rice,R4_hybrid_log_area,rbf_svm,native,APS,mondrian,0.9,0.0,1,2026080501
INIAP-12,0.8972041091476886,790,712,0.9012658227848102,iniap_rice,R4_hybrid_log_area,rbf_svm,native,APS,mondrian,0.9,0.0,1,2026080501
INIAP-20,0.9093031720512696,458,414,0.9039301310043668,iniap_rice,R4_hybrid_log_area,rbf_svm,native,APS,mondrian,0.9,0.0,1,2026080501
__MARGINAL__,0.9488061137409048,1840,1749,0.9505434782608696,iniap_rice,R4_hybrid_log_area,rbf_svm,native,APS,marginal,0.95,0.0,1,2026080501
INIAP-11,0.9483362064109232,592,564,0.9527027027027029,iniap_rice,R4_hybrid_log_area,rbf_svm,native,APS,mondrian,0.95,0.0,1,2026080501
INIAP-12,0.945657414446098,790,752,0.9518987341772152,iniap_rice,R4_hybrid_log_area,rbf_svm,native,APS,mondrian,0.95,0.0,1,2026080501
INIAP-20,0.963552328827114,458,437,0.9541484716157204,iniap_rice,R4_hybrid_log_area,rbf_svm,native,APS,mondrian,0.95,0.0,1,2026080501
__MARGINAL__,0.900474793620908,1840,1657,0.9005434782608696,iniap_rice,R4_hybrid_log_area,rbf_svm,native,RAPS,marginal,0.9,0.01,1,2026080501
INIAP-11,0.8950889671465284,592,534,0.902027027027027,iniap_rice,R4_hybrid_log_area,rbf_svm,native,RAPS,mondrian,0.9,0.01,1,2026080501
INIAP-12,0.8988039068506554,790,712,0.9012658227848102,iniap_rice,R4_hybrid_log_area,rbf_svm,native,RAPS,mondrian,0.9,0.01,1,2026080501
INIAP-20,0.9093031720512696,458,414,0.9039301310043668,iniap_rice,R4_hybrid_log_area,rbf_svm,native,RAPS,mondrian,0.9,0.01,1,2026080501
__MARGINAL__,0.9488061137409048,1840,1749,0.9505434782608696,iniap_rice,R4_hybrid_log_area,rbf_svm,native,RAPS,marginal,0.95,0.01,1,2026080501
INIAP-11,0.9483362064109232,592,564,0.9527027027027029,iniap_rice,R4_hybrid_log_area,rbf_svm,native,RAPS,mondrian,0.95,0.01,1,2026080501
INIAP-12,0.945657414446098,790,752,0.9518987341772152,iniap_rice,R4_hybrid_log_area,rbf_svm,native,RAPS,mondrian,0.95,0.01,1,2026080501
INIAP-20,0.963552328827114,458,437,0.9541484716157204,iniap_rice,R4_hybrid_log_area,rbf_svm,native,RAPS,mondrian,0.95,0.01,1,2026080501
__MARGINAL__,0.0235793200616043,1840,1657,0.9005434782608696,iniap_rice,R4_hybrid_log_area,rbf_svm,temperature_scaled,LAC,marginal,0.9,0.0,1,2026080501
INIAP-11,0.0008175029267143,592,534,0.902027027027027,iniap_rice,R4_hybrid_log_area,rbf_svm,temperature_scaled,LAC,mondrian,0.9,0.0,1,2026080501
INIAP-12,0.0279936239478469,790,712,0.9012658227848102,iniap_rice,R4_hybrid_log_area,rbf_svm,temperature_scaled,LAC,mondrian,0.9,0.0,1,2026080501
INIAP-20,0.0741518942833417,458,414,0.9039301310043668,iniap_rice,R4_hybrid_log_area,rbf_svm,temperature_scaled,LAC,mondrian,0.9,0.0,1,2026080501
__MARGINAL__,0.0755585066199117,1840,1749,0.9505434782608696,iniap_rice,R4_hybrid_log_area,rbf_svm,temperature_scaled,LAC,marginal,0.95,0.0,1,2026080501
INIAP-11,0.0021820701909951,592,564,0.9527027027027029,iniap_rice,R4_hybrid_log_area,rbf_svm,temperature_scaled,LAC,mondrian,0.95,0.0,1,2026080501
INIAP-12,0.0999300011146893,790,752,0.9518987341772152,iniap_rice,R4_hybrid_log_area,rbf_svm,temperature_scaled,LAC,mondrian,0.95,0.0,1,2026080501
INIAP-20,0.2282819869020182,458,437,0.9541484716157204,iniap_rice,R4_hybrid_log_area,rbf_svm,temperature_scaled,LAC,mondrian,0.95,0.0,1,2026080501
__MARGINAL__,0.9026188113297784,1840,1657,0.9005434782608696,iniap_rice,R4_hybrid_log_area,rbf_svm,temperature_scaled,APS,marginal,0.9,0.0,1,2026080501
INIAP-11,0.8951154154627892,592,534,0.902027027027027,iniap_rice,R4_hybrid_log_area,rbf_svm,temperature_scaled,APS,mondrian,0.9,0.0,1,2026080501
INIAP-12,0.8998946247259163,790,712,0.9012658227848102,iniap_rice,R4_hybrid_log_area,rbf_svm,temperature_scaled,APS,mondrian,0.9,0.0,1,2026080501
INIAP-20,0.912688266902824,458,414,0.9039301310043668,iniap_rice,R4_hybrid_log_area,rbf_svm,temperature_scaled,APS,mondrian,0.9,0.0,1,2026080501
__MARGINAL__,0.9498422534818716,1840,1749,0.9505434782608696,iniap_rice,R4_hybrid_log_area,rbf_svm,temperature_scaled,APS,marginal,0.95,0.0,1,2026080501
INIAP-11,0.9483401963327625,592,564,0.9527027027027029,iniap_rice,R4_hybrid_log_area,rbf_svm,temperature_scaled,APS,mondrian,0.95,0.0,1,2026080501
INIAP-12,0.9489002456717234,790,752,0.9518987341772152,iniap_rice,R4_hybrid_log_area,rbf_svm,temperature_scaled,APS,mondrian,0.95,0.0,1,2026080501
INIAP-20,0.9635523788067126,458,437,0.9541484716157204,iniap_rice,R4_hybrid_log_area,rbf_svm,temperature_scaled,APS,mondrian,0.95,0.0,1,2026080501
__MARGINAL__,0.9026188113297784,1840,1657,0.9005434782608696,iniap_rice,R4_hybrid_log_area,rbf_svm,temperature_scaled,RAPS,marginal,0.9,0.01,1,2026080501
INIAP-11,0.8951154154627892,592,534,0.902027027027027,iniap_rice,R4_hybrid_log_area,rbf_svm,temperature_scaled,RAPS,mondrian,0.9,0.01,1,2026080501
INIAP-12,0.8998946247259163,790,712,0.9012658227848102,iniap_rice,R4_hybrid_log_area,rbf_svm,temperature_scaled,RAPS,mondrian,0.9,0.01,1,2026080501
INIAP-20,0.9150595957382464,458,414,0.9039301310043668,iniap_rice,R4_hybrid_log_area,rbf_svm,temperature_scaled,RAPS,mondrian,0.9,0.01,1,2026080501
__MARGINAL__,0.9498422534818716,1840,1749,0.9505434782608696,iniap_rice,R4_hybrid_log_area,rbf_svm,temperature_scaled,RAPS,marginal,0.95,0.01,1,2026080501
INIAP-11,0.9483401963327625,592,564,0.9527027027027029,iniap_rice,R4_hybrid_log_area,rbf_svm,temperature_scaled,RAPS,mondrian,0.95,0.01,1,2026080501
INIAP-12,0.949409221883702,790,752,0.9518987341772152,iniap_rice,R4_hybrid_log_area,rbf_svm,temperature_scaled,RAPS,mondrian,0.95,0.01,1,2026080501
INIAP-20,0.9635523788067126,458,437,0.9541484716157204,iniap_rice,R4_hybrid_log_area,rbf_svm,temperature_scaled,RAPS,mondrian,0.95,0.01,1,2026080501
