dataset_id,representation_a,representation_b,contrast,metric,delta_a_minus_b,ci_low,ci_high,bootstrap_p_raw,bootstrap_p_minimum_resolution,n_bootstrap,bootstrap_p_holm,reject_holm_0_05
dry_bean,R1_full_native,R2_measured_core,R1_full_native_minus_R2_measured_core,accuracy,0.020183486238532,0.0121367034539082,0.0275532696546656,0.000999500249875,0.000999500249875,2000,0.0059970014992503,True
dry_bean,R1_full_native,R2_measured_core,R1_full_native_minus_R2_measured_core,balanced_accuracy,0.0201816386202751,0.0125756553911035,0.0276037126513887,0.000999500249875,0.000999500249875,2000,0.0059970014992503,True
dry_bean,R1_full_native,R2_measured_core,R1_full_native_minus_R2_measured_core,macro_f1,0.0213667519531,0.0137213504679099,0.0288114607717498,0.000999500249875,0.000999500249875,2000,0.0059970014992503,True
dry_bean,R1_full_native,R2_measured_core,R1_full_native_minus_R2_measured_core,mcc,0.0243372837857051,0.0146175346456128,0.0332305040833207,0.000999500249875,0.000999500249875,2000,0.0059970014992503,True
dry_bean,R1_full_native,R2_measured_core,R1_full_native_minus_R2_measured_core,log_loss,-0.0476306490361046,-0.0612211488031914,-0.0335965797160839,0.000999500249875,0.000999500249875,2000,0.0059970014992503,True
dry_bean,R1_full_native,R2_measured_core,R1_full_native_minus_R2_measured_core,brier_multiclass,-0.0268987363297572,-0.0344754902729807,-0.019562395477346,0.000999500249875,0.000999500249875,2000,0.0059970014992503,True
dry_bean,R1_full_native,R3_complete_invariant,R1_full_native_minus_R3_complete_invariant,accuracy,0.1269724770642202,0.1136772016664704,0.1404473780711403,0.000999500249875,0.000999500249875,2000,0.0059970014992503,True
dry_bean,R1_full_native,R3_complete_invariant,R1_full_native_minus_R3_complete_invariant,balanced_accuracy,0.1796935599070428,0.1620851253528703,0.1975399658414373,0.000999500249875,0.000999500249875,2000,0.0059970014992503,True
dry_bean,R1_full_native,R3_complete_invariant,R1_full_native_minus_R3_complete_invariant,macro_f1,0.173372569614175,0.154661716730862,0.1932363328775871,0.000999500249875,0.000999500249875,2000,0.0059970014992503,True
dry_bean,R1_full_native,R3_complete_invariant,R1_full_native_minus_R3_complete_invariant,mcc,0.1537985174955612,0.1377564782668204,0.1699533856364369,0.000999500249875,0.000999500249875,2000,0.0059970014992503,True
dry_bean,R1_full_native,R3_complete_invariant,R1_full_native_minus_R3_complete_invariant,log_loss,-0.339229375547018,-0.3653024164968925,-0.3140144429908284,0.000999500249875,0.000999500249875,2000,0.0059970014992503,True
dry_bean,R1_full_native,R3_complete_invariant,R1_full_native_minus_R3_complete_invariant,brier_multiclass,-0.1748259528869555,-0.1885953315452382,-0.1611590170664371,0.000999500249875,0.000999500249875,2000,0.0059970014992503,True
dry_bean,R1_full_native,R3_reduced_current,R1_full_native_minus_R3_reduced_current,accuracy,0.1273394495412844,0.1138021864769833,0.1405060776040041,0.000999500249875,0.000999500249875,2000,0.0059970014992503,True
dry_bean,R1_full_native,R3_reduced_current,R1_full_native_minus_R3_reduced_current,balanced_accuracy,0.1820069387799088,0.1641021129810778,0.1993543228018712,0.000999500249875,0.000999500249875,2000,0.0059970014992503,True
dry_bean,R1_full_native,R3_reduced_current,R1_full_native_minus_R3_reduced_current,macro_f1,0.1764736207695476,0.1573156341607115,0.1958923365133188,0.000999500249875,0.000999500249875,2000,0.0059970014992503,True
dry_bean,R1_full_native,R3_reduced_current,R1_full_native_minus_R3_reduced_current,mcc,0.1542586139244571,0.137702445472942,0.1702090085306864,0.000999500249875,0.000999500249875,2000,0.0059970014992503,True
dry_bean,R1_full_native,R3_reduced_current,R1_full_native_minus_R3_reduced_current,log_loss,-0.3349619840762157,-0.35993352574116,-0.3107085093197818,0.000999500249875,0.000999500249875,2000,0.0059970014992503,True
dry_bean,R1_full_native,R3_reduced_current,R1_full_native_minus_R3_reduced_current,brier_multiclass,-0.1742157519740087,-0.1873483239745175,-0.1605072556299044,0.000999500249875,0.000999500249875,2000,0.0059970014992503,True
dry_bean,R1_full_native,R4_complete_log_area,R1_full_native_minus_R4_complete_log_area,accuracy,0.001834862385321,-0.0033015710083665,0.0066104169370613,0.4657671164417791,0.000999500249875,2000,0.4657671164417791,False
dry_bean,R1_full_native,R4_complete_log_area,R1_full_native_minus_R4_complete_log_area,balanced_accuracy,0.0015944588270594,-0.0027826295528795,0.0060165248588667,0.4397801099450275,0.000999500249875,2000,0.4397801099450275,False
dry_bean,R1_full_native,R4_complete_log_area,R1_full_native_minus_R4_complete_log_area,macro_f1,0.0024112298711591,-0.0020845354849655,0.0069796654376592,0.2798600699650175,0.000999500249875,2000,0.2798600699650175,False
dry_bean,R1_full_native,R4_complete_log_area,R1_full_native_minus_R4_complete_log_area,mcc,0.0022065504523046,-0.0039638183672269,0.0079723638691205,0.4227886056971514,0.000999500249875,2000,0.4227886056971514,False
dry_bean,R1_full_native,R4_complete_log_area,R1_full_native_minus_R4_complete_log_area,log_loss,2.8338493923307784e-05,-0.0037622237161234,0.0038393516408062,0.9875062468765616,0.000999500249875,2000,0.9875062468765616,False
dry_bean,R1_full_native,R4_complete_log_area,R1_full_native_minus_R4_complete_log_area,brier_multiclass,-3.595874836731516e-05,-0.0020873976324476,0.002152206330685,0.974512743628186,0.000999500249875,2000,0.974512743628186,False
dry_bean,R2_measured_core,R3_complete_invariant,R2_measured_core_minus_R3_complete_invariant,accuracy,0.1067889908256881,0.092143060663622,0.1216466992808267,0.000999500249875,0.000999500249875,2000,0.0059970014992503,True
dry_bean,R2_measured_core,R3_complete_invariant,R2_measured_core_minus_R3_complete_invariant,balanced_accuracy,0.1595119212867677,0.1417332931846588,0.1776484418117398,0.000999500249875,0.000999500249875,2000,0.0059970014992503,True
dry_bean,R2_measured_core,R3_complete_invariant,R2_measured_core_minus_R3_complete_invariant,macro_f1,0.152005817661075,0.1331568434187081,0.1723521531748843,0.000999500249875,0.000999500249875,2000,0.0059970014992503,True
dry_bean,R2_measured_core,R3_complete_invariant,R2_measured_core_minus_R3_complete_invariant,mcc,0.1294612337098561,0.1117922310648832,0.1472947925417414,0.000999500249875,0.000999500249875,2000,0.0059970014992503,True
dry_bean,R2_measured_core,R3_complete_invariant,R2_measured_core_minus_R3_complete_invariant,log_loss,-0.2915987265109134,-0.3211130793677088,-0.2635730066406151,0.000999500249875,0.000999500249875,2000,0.0059970014992503,True
dry_bean,R2_measured_core,R3_complete_invariant,R2_measured_core_minus_R3_complete_invariant,brier_multiclass,-0.1479272165571983,-0.1639416301902851,-0.1330011976812241,0.000999500249875,0.000999500249875,2000,0.0059970014992503,True
dry_bean,R3_complete_invariant,R4_complete_log_area,R3_complete_invariant_minus_R4_complete_log_area,accuracy,-0.1251376146788991,-0.1385545507886232,-0.1110253357951109,0.000999500249875,0.000999500249875,2000,0.0059970014992503,True
dry_bean,R3_complete_invariant,R4_complete_log_area,R3_complete_invariant_minus_R4_complete_log_area,balanced_accuracy,-0.1780991010799834,-0.1956435889511875,-0.1599359628208346,0.000999500249875,0.000999500249875,2000,0.0059970014992503,True
dry_bean,R3_complete_invariant,R4_complete_log_area,R3_complete_invariant_minus_R4_complete_log_area,macro_f1,-0.1709613397430158,-0.1903843034774678,-0.1514486492070461,0.000999500249875,0.000999500249875,2000,0.0059970014992503,True
dry_bean,R3_complete_invariant,R4_complete_log_area,R3_complete_invariant_minus_R4_complete_log_area,mcc,-0.1515919670432566,-0.1679408112600946,-0.1345158160636063,0.000999500249875,0.000999500249875,2000,0.0059970014992503,True
dry_bean,R3_complete_invariant,R4_complete_log_area,R3_complete_invariant_minus_R4_complete_log_area,log_loss,0.3392577140409414,0.3151132061350272,0.3636661816845599,0.000999500249875,0.000999500249875,2000,0.0059970014992503,True
dry_bean,R3_complete_invariant,R4_complete_log_area,R3_complete_invariant_minus_R4_complete_log_area,brier_multiclass,0.1747899941385882,0.1612647197181652,0.1880875927082323,0.000999500249875,0.000999500249875,2000,0.0059970014992503,True
iniap_rice,R1_full_native,R2_measured_core,R1_full_native_minus_R2_measured_core,accuracy,-0.0010869565217391,-0.0038043478260869,0.0016304347826086,0.5257371314342829,0.000999500249875,2000,1.0,False
iniap_rice,R1_full_native,R2_measured_core,R1_full_native_minus_R2_measured_core,balanced_accuracy,-0.0018727019217782,-0.0056865844541962,0.0012468827930174,0.3078460769615192,0.000999500249875,2000,0.9235382308845576,False
iniap_rice,R1_full_native,R2_measured_core,R1_full_native_minus_R2_measured_core,macro_f1,-0.0012238171215567,-0.0042355960491556,0.0016749575993955,0.3408295852073963,0.000999500249875,2000,1.0,False
iniap_rice,R1_full_native,R2_measured_core,R1_full_native_minus_R2_measured_core,mcc,-0.0017009130946549,-0.0059193238282007,0.0024450636133365,0.3658170914542729,0.000999500249875,2000,1.0,False
iniap_rice,R1_full_native,R2_measured_core,R1_full_native_minus_R2_measured_core,log_loss,-0.0001049755983448,-0.0031969098472939,0.0023800862090105,0.9855072463768116,0.000999500249875,2000,0.9855072463768116,False
iniap_rice,R1_full_native,R2_measured_core,R1_full_native_minus_R2_measured_core,brier_multiclass,0.0001276299129006,-0.0010363738445088,0.0012409117923454,0.8015992003998001,0.000999500249875,2000,1.0,False
iniap_rice,R1_full_native,R3_complete_invariant,R1_full_native_minus_R3_complete_invariant,accuracy,-0.0005434782608696,-0.0059782608695652,0.0048913043478261,0.881559220389805,0.000999500249875,2000,1.0,False
iniap_rice,R1_full_native,R3_complete_invariant,R1_full_native_minus_R3_complete_invariant,balanced_accuracy,-6.847868886128428e-05,-0.0059622111768633,0.0056882964214179,0.9505247376311844,0.000999500249875,2000,1.0,False
iniap_rice,R1_full_native,R3_complete_invariant,R1_full_native_minus_R3_complete_invariant,macro_f1,-0.000555308975733,-0.0064855059716395,0.0053369719958161,0.8545727136431784,0.000999500249875,2000,1.0,False
iniap_rice,R1_full_native,R3_complete_invariant,R1_full_native_minus_R3_complete_invariant,mcc,-0.0008344095888005,-0.0092621200370021,0.0075682197422307,0.8385807096451774,0.000999500249875,2000,1.0,False
iniap_rice,R1_full_native,R3_complete_invariant,R1_full_native_minus_R3_complete_invariant,log_loss,-0.0076878798352974,-0.0191794700715723,0.0027772622543135,0.1709145427286356,0.000999500249875,2000,0.5357321339330335,False
iniap_rice,R1_full_native,R3_complete_invariant,R1_full_native_minus_R3_complete_invariant,brier_multiclass,-0.0029833847459363,-0.009515017085558,0.0038477293464466,0.3948025987006496,0.000999500249875,2000,1.0,False
iniap_rice,R1_full_native,R4_complete_log_area,R1_full_native_minus_R4_complete_log_area,accuracy,-0.0032608695652174,-0.0081521739130434,0.0010869565217391,0.1729135432283858,0.000999500249875,2000,0.8645677161419291,False
iniap_rice,R1_full_native,R4_complete_log_area,R1_full_native_minus_R4_complete_log_area,balanced_accuracy,-0.0042295101300903,-0.009984573273148,0.0008997338842062,0.1089455272363818,0.000999500249875,2000,0.544727636181909,False
iniap_rice,R1_full_native,R4_complete_log_area,R1_full_native_minus_R4_complete_log_area,macro_f1,-0.0035781801039018,-0.0088792124757814,0.00117719674491,0.128935532233883,0.000999500249875,2000,0.6446776611694154,False
iniap_rice,R1_full_native,R4_complete_log_area,R1_full_native_minus_R4_complete_log_area,mcc,-0.0050601835871479,-0.0126090091869721,0.0016804753531041,0.1379310344827586,0.000999500249875,2000,0.6896551724137931,False
iniap_rice,R1_full_native,R4_complete_log_area,R1_full_native_minus_R4_complete_log_area,log_loss,0.0057198129217397,-0.0018001546047624,0.0130649896781353,0.1339330334832583,0.000999500249875,2000,0.5357321339330335,False
iniap_rice,R1_full_native,R4_complete_log_area,R1_full_native_minus_R4_complete_log_area,brier_multiclass,0.0032723389111897,-0.0012896075137664,0.0081020498687128,0.1549225387306347,0.000999500249875,2000,0.6196901549225388,False
iniap_rice,R2_measured_core,R3_complete_invariant,R2_measured_core_minus_R3_complete_invariant,accuracy,0.0005434782608695,-0.0054347826086956,0.0070652173913042,0.9555222388805598,0.000999500249875,2000,1.0,False
iniap_rice,R2_measured_core,R3_complete_invariant,R2_measured_core_minus_R3_complete_invariant,balanced_accuracy,0.0018042232329169,-0.0050623584060445,0.0085960965245162,0.63968015992004,0.000999500249875,2000,1.0,False
iniap_rice,R2_measured_core,R3_complete_invariant,R2_measured_core_minus_R3_complete_invariant,macro_f1,0.0006685081458236,-0.0058602858656881,0.0076861152277739,0.8455772113943029,0.000999500249875,2000,1.0,False
iniap_rice,R2_measured_core,R3_complete_invariant,R2_measured_core_minus_R3_complete_invariant,mcc,0.0008665035058543,-0.0083936875682472,0.0109095792434696,0.8675662168915542,0.000999500249875,2000,1.0,False
iniap_rice,R2_measured_core,R3_complete_invariant,R2_measured_core_minus_R3_complete_invariant,log_loss,-0.0075829042369526,-0.0186595106341175,0.0029093458232026,0.1739130434782608,0.000999500249875,2000,0.5357321339330335,False
iniap_rice,R2_measured_core,R3_complete_invariant,R2_measured_core_minus_R3_complete_invariant,brier_multiclass,-0.0031110146588369,-0.0097753289289605,0.0037401756368884,0.3728135932033983,0.000999500249875,2000,1.0,False
iniap_rice,R3_complete_invariant,R4_complete_log_area,R3_complete_invariant_minus_R4_complete_log_area,accuracy,-0.0027173913043477,-0.0076086956521739,0.0016304347826087,0.303848075962019,0.000999500249875,2000,1.0,False
iniap_rice,R3_complete_invariant,R4_complete_log_area,R3_complete_invariant_minus_R4_complete_log_area,balanced_accuracy,-0.004161031441229,-0.0099160945842867,0.0010368101485416,0.127936031984008,0.000999500249875,2000,0.544727636181909,False
iniap_rice,R3_complete_invariant,R4_complete_log_area,R3_complete_invariant_minus_R4_complete_log_area,macro_f1,-0.0030228711281687,-0.0083458587168387,0.0017301209038916,0.2158920539730135,0.000999500249875,2000,0.863568215892054,False
iniap_rice,R3_complete_invariant,R4_complete_log_area,R3_complete_invariant_minus_R4_complete_log_area,mcc,-0.0042257739983474,-0.0117869617129852,0.0025123299777011,0.2358820589705147,0.000999500249875,2000,0.9435282358820588,False
iniap_rice,R3_complete_invariant,R4_complete_log_area,R3_complete_invariant_minus_R4_complete_log_area,log_loss,0.0134076927570372,0.0064910697606975,0.0202943595806832,0.000999500249875,0.000999500249875,2000,0.0049975012493753,True
iniap_rice,R3_complete_invariant,R4_complete_log_area,R3_complete_invariant_minus_R4_complete_log_area,brier_multiclass,0.006255723657126,0.0015478109480031,0.0110769756413157,0.0129935032483758,0.000999500249875,2000,0.064967516241879,False
