dataset_id,probability_status,metric,recomputed,notebook05_reported,absolute_difference,passed
dry_bean,native,accuracy,0.9233027522935779,0.923302752293578,1.1102230246251565e-16,True
dry_bean,native,balanced_accuracy,0.9338937932300725,0.9338937932300724,1.1102230246251565e-16,True
dry_bean,native,macro_f1,0.9366052596258141,0.936605259625814,1.1102230246251565e-16,True
dry_bean,native,mcc,0.9074018935084023,0.9074018935084024,1.1102230246251565e-16,True
dry_bean,native,log_loss,0.2174161407033396,0.2174161407033396,0.0,True
dry_bean,native,brier_multiclass,0.11431626452869836,0.1143162645286983,6.938893903907228e-17,True
dry_bean,temperature_scaled,accuracy,0.9233027522935779,0.923302752293578,1.1102230246251565e-16,True
dry_bean,temperature_scaled,balanced_accuracy,0.9338937932300725,0.9338937932300724,1.1102230246251565e-16,True
dry_bean,temperature_scaled,macro_f1,0.9366052596258141,0.936605259625814,1.1102230246251565e-16,True
dry_bean,temperature_scaled,mcc,0.9074018935084023,0.9074018935084024,1.1102230246251565e-16,True
dry_bean,temperature_scaled,log_loss,0.21756101905960726,0.2175610190596072,5.551115123125783e-17,True
dry_bean,temperature_scaled,brier_multiclass,0.11444015982338104,0.114440159823381,4.163336342344337e-17,True
iniap_rice,native,accuracy,0.9826086956521739,0.982608695652174,1.1102230246251565e-16,True
iniap_rice,native,balanced_accuracy,0.9814926832423136,0.9814926832423136,0.0,True
iniap_rice,native,macro_f1,0.9811650961412389,0.9811650961412388,1.1102230246251565e-16,True
iniap_rice,native,mcc,0.9731277166511985,0.9731277166511983,1.1102230246251565e-16,True
iniap_rice,native,log_loss,0.04638579624240649,0.0463857962424065,6.938893903907228e-18,True
iniap_rice,native,brier_multiclass,0.026556523413873913,0.0265565234138739,1.3877787807814457e-17,True
iniap_rice,temperature_scaled,accuracy,0.9826086956521739,0.982608695652174,1.1102230246251565e-16,True
iniap_rice,temperature_scaled,balanced_accuracy,0.9814926832423136,0.9814926832423136,0.0,True
iniap_rice,temperature_scaled,macro_f1,0.9811650961412389,0.9811650961412388,1.1102230246251565e-16,True
iniap_rice,temperature_scaled,mcc,0.9731277166511985,0.9731277166511983,1.1102230246251565e-16,True
iniap_rice,temperature_scaled,log_loss,0.046327798153715426,0.0463277981537154,2.7755575615628914e-17,True
iniap_rice,temperature_scaled,brier_multiclass,0.026701892263816057,0.026701892263816,5.551115123125783e-17,True
