class_label,support,coverage,mean_set_size,singleton_rate,dataset_id,representation,algorithm,probability_status,method,calibration_mode,nominal_coverage,evaluation_unit
BARBUNYA,278,0.8705035971223022,0.9280575539568344,0.9280575539568344,dry_bean,R1_full_native,rbf_svm,native,LAC,marginal,0.9,group
BOMBAY,102,0.9901960784313726,0.9901960784313726,0.9901960784313726,dry_bean,R1_full_native,rbf_svm,native,LAC,marginal,0.9,group
CALI,322,0.9130434782608696,0.9440993788819876,0.9440993788819876,dry_bean,R1_full_native,rbf_svm,native,LAC,marginal,0.9,group
DERMASON,691,0.8871201157742402,0.9377713458755428,0.9377713458755428,dry_bean,R1_full_native,rbf_svm,native,LAC,marginal,0.9,group
HOROZ,391,0.9462915601023018,0.9641943734015346,0.9641943734015346,dry_bean,R1_full_native,rbf_svm,native,LAC,marginal,0.9,group
SEKER,399,0.9223057644110276,0.9523809523809524,0.9523809523809524,dry_bean,R1_full_native,rbf_svm,native,LAC,marginal,0.9,group
SIRA,526,0.7946768060836502,0.9106463878326996,0.9106463878326996,dry_bean,R1_full_native,rbf_svm,native,LAC,marginal,0.9,group
BARBUNYA,278,0.8705035971223022,0.9280575539568344,0.9280575539568344,dry_bean,R1_full_native,rbf_svm,native,LAC,marginal,0.9,row
BOMBAY,102,0.9901960784313726,0.9901960784313726,0.9901960784313726,dry_bean,R1_full_native,rbf_svm,native,LAC,marginal,0.9,row
CALI,322,0.9130434782608696,0.9440993788819876,0.9440993788819876,dry_bean,R1_full_native,rbf_svm,native,LAC,marginal,0.9,row
DERMASON,691,0.8871201157742402,0.9377713458755428,0.9377713458755428,dry_bean,R1_full_native,rbf_svm,native,LAC,marginal,0.9,row
HOROZ,407,0.9484029484029484,0.9656019656019657,0.9656019656019657,dry_bean,R1_full_native,rbf_svm,native,LAC,marginal,0.9,row
SEKER,399,0.9223057644110276,0.9523809523809524,0.9523809523809524,dry_bean,R1_full_native,rbf_svm,native,LAC,marginal,0.9,row
SIRA,526,0.7946768060836502,0.9106463878326996,0.9106463878326996,dry_bean,R1_full_native,rbf_svm,native,LAC,marginal,0.9,row
BARBUNYA,278,0.8848920863309353,0.9640287769784172,0.9640287769784172,dry_bean,R1_full_native,rbf_svm,native,LAC,mondrian,0.9,group
BOMBAY,102,0.8529411764705882,0.8529411764705882,0.8529411764705882,dry_bean,R1_full_native,rbf_svm,native,LAC,mondrian,0.9,group
CALI,322,0.9192546583850932,0.9596273291925466,0.9596273291925466,dry_bean,R1_full_native,rbf_svm,native,LAC,mondrian,0.9,group
DERMASON,691,0.8769898697539797,0.9652677279305356,0.9652677279305356,dry_bean,R1_full_native,rbf_svm,native,LAC,mondrian,0.9,group
HOROZ,391,0.9335038363171356,0.9641943734015346,0.9641943734015346,dry_bean,R1_full_native,rbf_svm,native,LAC,mondrian,0.9,group
SEKER,399,0.9047619047619048,0.9598997493734336,0.9598997493734336,dry_bean,R1_full_native,rbf_svm,native,LAC,mondrian,0.9,group
SIRA,526,0.8745247148288974,0.9695817490494296,0.9657794676806084,dry_bean,R1_full_native,rbf_svm,native,LAC,mondrian,0.9,group
BARBUNYA,278,0.8848920863309353,0.9640287769784172,0.9640287769784172,dry_bean,R1_full_native,rbf_svm,native,LAC,mondrian,0.9,row
BOMBAY,102,0.8529411764705882,0.8529411764705882,0.8529411764705882,dry_bean,R1_full_native,rbf_svm,native,LAC,mondrian,0.9,row
CALI,322,0.9192546583850932,0.9596273291925466,0.9596273291925466,dry_bean,R1_full_native,rbf_svm,native,LAC,mondrian,0.9,row
DERMASON,691,0.8769898697539797,0.9652677279305356,0.9652677279305356,dry_bean,R1_full_native,rbf_svm,native,LAC,mondrian,0.9,row
HOROZ,407,0.936117936117936,0.9656019656019657,0.9656019656019657,dry_bean,R1_full_native,rbf_svm,native,LAC,mondrian,0.9,row
SEKER,399,0.9047619047619048,0.9598997493734336,0.9598997493734336,dry_bean,R1_full_native,rbf_svm,native,LAC,mondrian,0.9,row
SIRA,526,0.8745247148288974,0.9695817490494296,0.9657794676806084,dry_bean,R1_full_native,rbf_svm,native,LAC,mondrian,0.9,row
BARBUNYA,278,0.9280575539568344,1.0827338129496402,0.9172661870503596,dry_bean,R1_full_native,rbf_svm,native,LAC,marginal,0.95,group
BOMBAY,102,1.0,1.0,1.0,dry_bean,R1_full_native,rbf_svm,native,LAC,marginal,0.95,group
CALI,322,0.968944099378882,1.0714285714285714,0.9285714285714286,dry_bean,R1_full_native,rbf_svm,native,LAC,marginal,0.95,group
DERMASON,691,0.959479015918958,1.0897250361794502,0.91027496382055,dry_bean,R1_full_native,rbf_svm,native,LAC,marginal,0.95,group
HOROZ,391,0.979539641943734,1.0434782608695652,0.959079283887468,dry_bean,R1_full_native,rbf_svm,native,LAC,marginal,0.95,group
SEKER,399,0.9699248120300752,1.06265664160401,0.9423558897243108,dry_bean,R1_full_native,rbf_svm,native,LAC,marginal,0.95,group
SIRA,526,0.908745247148289,1.138783269961977,0.8612167300380228,dry_bean,R1_full_native,rbf_svm,native,LAC,marginal,0.95,group
BARBUNYA,278,0.9280575539568344,1.0827338129496402,0.9172661870503596,dry_bean,R1_full_native,rbf_svm,native,LAC,marginal,0.95,row
BOMBAY,102,1.0,1.0,1.0,dry_bean,R1_full_native,rbf_svm,native,LAC,marginal,0.95,row
CALI,322,0.968944099378882,1.0714285714285714,0.9285714285714286,dry_bean,R1_full_native,rbf_svm,native,LAC,marginal,0.95,row
DERMASON,691,0.959479015918958,1.0897250361794502,0.91027496382055,dry_bean,R1_full_native,rbf_svm,native,LAC,marginal,0.95,row
HOROZ,407,0.9803439803439804,1.0417690417690415,0.9606879606879608,dry_bean,R1_full_native,rbf_svm,native,LAC,marginal,0.95,row
SEKER,399,0.9699248120300752,1.06265664160401,0.9423558897243108,dry_bean,R1_full_native,rbf_svm,native,LAC,marginal,0.95,row
SIRA,526,0.908745247148289,1.138783269961977,0.8612167300380228,dry_bean,R1_full_native,rbf_svm,native,LAC,marginal,0.95,row
BARBUNYA,278,0.9316546762589928,1.1007194244604317,0.9064748201438848,dry_bean,R1_full_native,rbf_svm,native,LAC,mondrian,0.95,group
BOMBAY,102,0.9019607843137256,0.9019607843137256,0.9019607843137256,dry_bean,R1_full_native,rbf_svm,native,LAC,mondrian,0.95,group
CALI,322,0.968944099378882,1.0993788819875776,0.903726708074534,dry_bean,R1_full_native,rbf_svm,native,LAC,mondrian,0.95,group
DERMASON,691,0.9406657018813314,1.1041968162083935,0.8972503617945007,dry_bean,R1_full_native,rbf_svm,native,LAC,mondrian,0.95,group
HOROZ,391,0.9820971867007672,1.0588235294117647,0.9437340153452686,dry_bean,R1_full_native,rbf_svm,native,LAC,mondrian,0.95,group
SEKER,399,0.9573934837092732,1.045112781954887,0.9548872180451128,dry_bean,R1_full_native,rbf_svm,native,LAC,mondrian,0.95,group
SIRA,526,0.9486692015209124,1.138783269961977,0.8612167300380228,dry_bean,R1_full_native,rbf_svm,native,LAC,mondrian,0.95,group
BARBUNYA,278,0.9316546762589928,1.1007194244604317,0.9064748201438848,dry_bean,R1_full_native,rbf_svm,native,LAC,mondrian,0.95,row
BOMBAY,102,0.9019607843137256,0.9019607843137256,0.9019607843137256,dry_bean,R1_full_native,rbf_svm,native,LAC,mondrian,0.95,row
CALI,322,0.968944099378882,1.0993788819875776,0.903726708074534,dry_bean,R1_full_native,rbf_svm,native,LAC,mondrian,0.95,row
DERMASON,691,0.9406657018813314,1.1041968162083935,0.8972503617945007,dry_bean,R1_full_native,rbf_svm,native,LAC,mondrian,0.95,row
HOROZ,407,0.9828009828009828,1.0565110565110565,0.945945945945946,dry_bean,R1_full_native,rbf_svm,native,LAC,mondrian,0.95,row
SEKER,399,0.9573934837092732,1.045112781954887,0.9548872180451128,dry_bean,R1_full_native,rbf_svm,native,LAC,mondrian,0.95,row
SIRA,526,0.9486692015209124,1.138783269961977,0.8612167300380228,dry_bean,R1_full_native,rbf_svm,native,LAC,mondrian,0.95,row
BARBUNYA,278,0.8705035971223022,1.10431654676259,0.7949640287769785,dry_bean,R1_full_native,rbf_svm,native,APS,marginal,0.9,group
BOMBAY,102,0.8823529411764706,0.9215686274509804,0.8627450980392157,dry_bean,R1_full_native,rbf_svm,native,APS,marginal,0.9,group
CALI,322,0.9130434782608696,1.0993788819875776,0.7981366459627329,dry_bean,R1_full_native,rbf_svm,native,APS,marginal,0.9,group
DERMASON,691,0.9073806078147612,1.0709117221418234,0.8147612156295224,dry_bean,R1_full_native,rbf_svm,native,APS,marginal,0.9,group
HOROZ,391,0.9156010230179028,1.0383631713554988,0.8439897698209718,dry_bean,R1_full_native,rbf_svm,native,APS,marginal,0.9,group
SEKER,399,0.899749373433584,1.0175438596491229,0.8596491228070176,dry_bean,R1_full_native,rbf_svm,native,APS,marginal,0.9,group
SIRA,526,0.8840304182509505,1.2129277566539924,0.7319391634980988,dry_bean,R1_full_native,rbf_svm,native,APS,marginal,0.9,group
BARBUNYA,278,0.8705035971223022,1.10431654676259,0.7949640287769785,dry_bean,R1_full_native,rbf_svm,native,APS,marginal,0.9,row
BOMBAY,102,0.8823529411764706,0.9215686274509804,0.8627450980392157,dry_bean,R1_full_native,rbf_svm,native,APS,marginal,0.9,row
CALI,322,0.9130434782608696,1.0993788819875776,0.7981366459627329,dry_bean,R1_full_native,rbf_svm,native,APS,marginal,0.9,row
DERMASON,691,0.9073806078147612,1.0709117221418234,0.8147612156295224,dry_bean,R1_full_native,rbf_svm,native,APS,marginal,0.9,row
HOROZ,407,0.9164619164619164,1.0368550368550369,0.8452088452088452,dry_bean,R1_full_native,rbf_svm,native,APS,marginal,0.9,row
SEKER,399,0.899749373433584,1.0175438596491229,0.8596491228070176,dry_bean,R1_full_native,rbf_svm,native,APS,marginal,0.9,row
SIRA,526,0.8840304182509505,1.2129277566539924,0.7319391634980988,dry_bean,R1_full_native,rbf_svm,native,APS,marginal,0.9,row
BARBUNYA,278,0.8848920863309353,1.1151079136690647,0.7949640287769785,dry_bean,R1_full_native,rbf_svm,native,APS,mondrian,0.9,group
BOMBAY,102,0.9117647058823528,0.9509803921568628,0.8921568627450981,dry_bean,R1_full_native,rbf_svm,native,APS,mondrian,0.9,group
CALI,322,0.903726708074534,1.105590062111801,0.7732919254658385,dry_bean,R1_full_native,rbf_svm,native,APS,mondrian,0.9,group
DERMASON,691,0.9059334298118668,1.0723589001447178,0.8118668596237337,dry_bean,R1_full_native,rbf_svm,native,APS,mondrian,0.9,group
HOROZ,391,0.90537084398977,1.0281329923273657,0.8414322250639387,dry_bean,R1_full_native,rbf_svm,native,APS,mondrian,0.9,group
SEKER,399,0.9172932330827068,1.0325814536340852,0.8721804511278195,dry_bean,R1_full_native,rbf_svm,native,APS,mondrian,0.9,group
SIRA,526,0.8859315589353612,1.226235741444867,0.7243346007604563,dry_bean,R1_full_native,rbf_svm,native,APS,mondrian,0.9,group
BARBUNYA,278,0.8848920863309353,1.1151079136690647,0.7949640287769785,dry_bean,R1_full_native,rbf_svm,native,APS,mondrian,0.9,row
BOMBAY,102,0.9117647058823528,0.9509803921568628,0.8921568627450981,dry_bean,R1_full_native,rbf_svm,native,APS,mondrian,0.9,row
CALI,322,0.903726708074534,1.105590062111801,0.7732919254658385,dry_bean,R1_full_native,rbf_svm,native,APS,mondrian,0.9,row
DERMASON,691,0.9059334298118668,1.0723589001447178,0.8118668596237337,dry_bean,R1_full_native,rbf_svm,native,APS,mondrian,0.9,row
HOROZ,407,0.9041769041769042,1.0245700245700249,0.8402948402948403,dry_bean,R1_full_native,rbf_svm,native,APS,mondrian,0.9,row
SEKER,399,0.9172932330827068,1.0325814536340852,0.8721804511278195,dry_bean,R1_full_native,rbf_svm,native,APS,mondrian,0.9,row
SIRA,526,0.8859315589353612,1.226235741444867,0.7243346007604563,dry_bean,R1_full_native,rbf_svm,native,APS,mondrian,0.9,row
BARBUNYA,278,0.9388489208633094,1.2410071942446044,0.7949640287769785,dry_bean,R1_full_native,rbf_svm,native,APS,marginal,0.95,group
BOMBAY,102,0.9509803921568628,1.0196078431372548,0.9215686274509804,dry_bean,R1_full_native,rbf_svm,native,APS,marginal,0.95,group
CALI,322,0.968944099378882,1.2763975155279503,0.7422360248447205,dry_bean,R1_full_native,rbf_svm,native,APS,marginal,0.95,group
DERMASON,691,0.9623733719247468,1.1780028943560057,0.7959479015918958,dry_bean,R1_full_native,rbf_svm,native,APS,marginal,0.95,group
HOROZ,391,0.959079283887468,1.1713554987212276,0.8465473145780051,dry_bean,R1_full_native,rbf_svm,native,APS,marginal,0.95,group
SEKER,399,0.949874686716792,1.1303258145363408,0.8370927318295739,dry_bean,R1_full_native,rbf_svm,native,APS,marginal,0.95,group
SIRA,526,0.9372623574144486,1.4068441064638784,0.6216730038022814,dry_bean,R1_full_native,rbf_svm,native,APS,marginal,0.95,group
BARBUNYA,278,0.9388489208633094,1.2410071942446044,0.7949640287769785,dry_bean,R1_full_native,rbf_svm,native,APS,marginal,0.95,row
BOMBAY,102,0.9509803921568628,1.0196078431372548,0.9215686274509804,dry_bean,R1_full_native,rbf_svm,native,APS,marginal,0.95,row
CALI,322,0.968944099378882,1.2763975155279503,0.7422360248447205,dry_bean,R1_full_native,rbf_svm,native,APS,marginal,0.95,row
DERMASON,691,0.9623733719247468,1.1780028943560057,0.7959479015918958,dry_bean,R1_full_native,rbf_svm,native,APS,marginal,0.95,row
HOROZ,407,0.9606879606879608,1.1695331695331694,0.8476658476658476,dry_bean,R1_full_native,rbf_svm,native,APS,marginal,0.95,row
SEKER,399,0.949874686716792,1.1303258145363408,0.8370927318295739,dry_bean,R1_full_native,rbf_svm,native,APS,marginal,0.95,row
SIRA,526,0.9372623574144486,1.4068441064638784,0.6216730038022814,dry_bean,R1_full_native,rbf_svm,native,APS,marginal,0.95,row
BARBUNYA,278,0.9532374100719424,1.2697841726618706,0.7949640287769785,dry_bean,R1_full_native,rbf_svm,native,APS,mondrian,0.95,group
BOMBAY,102,0.9803921568627452,1.068627450980392,0.9411764705882352,dry_bean,R1_full_native,rbf_svm,native,APS,mondrian,0.95,group
CALI,322,0.9658385093167702,1.3043478260869563,0.7329192546583851,dry_bean,R1_full_native,rbf_svm,native,APS,mondrian,0.95,group
DERMASON,691,0.9421128798842258,1.2011577424023154,0.743849493487699,dry_bean,R1_full_native,rbf_svm,native,APS,mondrian,0.95,group
HOROZ,391,0.9641943734015346,1.1764705882352942,0.8363171355498721,dry_bean,R1_full_native,rbf_svm,native,APS,mondrian,0.95,group
SEKER,399,0.949874686716792,1.1152882205513786,0.8521303258145363,dry_bean,R1_full_native,rbf_svm,native,APS,mondrian,0.95,group
SIRA,526,0.946768060836502,1.3954372623574145,0.6444866920152091,dry_bean,R1_full_native,rbf_svm,native,APS,mondrian,0.95,group
BARBUNYA,278,0.9532374100719424,1.2697841726618706,0.7949640287769785,dry_bean,R1_full_native,rbf_svm,native,APS,mondrian,0.95,row
BOMBAY,102,0.9803921568627452,1.068627450980392,0.9411764705882352,dry_bean,R1_full_native,rbf_svm,native,APS,mondrian,0.95,row
CALI,322,0.9658385093167702,1.3043478260869563,0.7329192546583851,dry_bean,R1_full_native,rbf_svm,native,APS,mondrian,0.95,row
DERMASON,691,0.9421128798842258,1.2011577424023154,0.743849493487699,dry_bean,R1_full_native,rbf_svm,native,APS,mondrian,0.95,row
HOROZ,407,0.9656019656019657,1.1744471744471745,0.8378378378378378,dry_bean,R1_full_native,rbf_svm,native,APS,mondrian,0.95,row
SEKER,399,0.949874686716792,1.1152882205513786,0.8521303258145363,dry_bean,R1_full_native,rbf_svm,native,APS,mondrian,0.95,row
SIRA,526,0.946768060836502,1.3954372623574145,0.6444866920152091,dry_bean,R1_full_native,rbf_svm,native,APS,mondrian,0.95,row
BARBUNYA,278,0.8705035971223022,1.089928057553957,0.7949640287769785,dry_bean,R1_full_native,rbf_svm,native,RAPS,marginal,0.9,group
BOMBAY,102,0.9019607843137256,0.9411764705882352,0.8823529411764706,dry_bean,R1_full_native,rbf_svm,native,RAPS,marginal,0.9,group
CALI,322,0.9192546583850932,1.093167701863354,0.8136645962732919,dry_bean,R1_full_native,rbf_svm,native,RAPS,marginal,0.9,group
DERMASON,691,0.91027496382055,1.0723589001447178,0.8191027496382055,dry_bean,R1_full_native,rbf_svm,native,RAPS,marginal,0.9,group
HOROZ,391,0.918158567774936,1.030690537084399,0.8593350383631714,dry_bean,R1_full_native,rbf_svm,native,RAPS,marginal,0.9,group
SEKER,399,0.899749373433584,1.012531328320802,0.8596491228070176,dry_bean,R1_full_native,rbf_svm,native,RAPS,marginal,0.9,group
SIRA,526,0.8859315589353612,1.2015209125475286,0.7414448669201521,dry_bean,R1_full_native,rbf_svm,native,RAPS,marginal,0.9,group
BARBUNYA,278,0.8705035971223022,1.089928057553957,0.7949640287769785,dry_bean,R1_full_native,rbf_svm,native,RAPS,marginal,0.9,row
BOMBAY,102,0.9019607843137256,0.9411764705882352,0.8823529411764706,dry_bean,R1_full_native,rbf_svm,native,RAPS,marginal,0.9,row
CALI,322,0.9192546583850932,1.093167701863354,0.8136645962732919,dry_bean,R1_full_native,rbf_svm,native,RAPS,marginal,0.9,row
DERMASON,691,0.91027496382055,1.0723589001447178,0.8191027496382055,dry_bean,R1_full_native,rbf_svm,native,RAPS,marginal,0.9,row
HOROZ,407,0.918918918918919,1.0294840294840295,0.85995085995086,dry_bean,R1_full_native,rbf_svm,native,RAPS,marginal,0.9,row
SEKER,399,0.899749373433584,1.012531328320802,0.8596491228070176,dry_bean,R1_full_native,rbf_svm,native,RAPS,marginal,0.9,row
SIRA,526,0.8859315589353612,1.2015209125475286,0.7414448669201521,dry_bean,R1_full_native,rbf_svm,native,RAPS,marginal,0.9,row
BARBUNYA,278,0.8848920863309353,1.1007194244604317,0.8057553956834532,dry_bean,R1_full_native,rbf_svm,native,RAPS,mondrian,0.9,group
BOMBAY,102,0.9117647058823528,0.9509803921568628,0.8921568627450981,dry_bean,R1_full_native,rbf_svm,native,RAPS,mondrian,0.9,group
CALI,322,0.903726708074534,1.0993788819875776,0.7795031055900621,dry_bean,R1_full_native,rbf_svm,native,RAPS,mondrian,0.9,group
DERMASON,691,0.9044862518089724,1.069464544138929,0.8162083936324168,dry_bean,R1_full_native,rbf_svm,native,RAPS,mondrian,0.9,group
HOROZ,391,0.9130434782608696,1.030690537084399,0.8491048593350383,dry_bean,R1_full_native,rbf_svm,native,RAPS,mondrian,0.9,group
SEKER,399,0.9172932330827068,1.0275689223057645,0.8796992481203008,dry_bean,R1_full_native,rbf_svm,native,RAPS,mondrian,0.9,group
SIRA,526,0.8878326996197718,1.1977186311787071,0.7452471482889734,dry_bean,R1_full_native,rbf_svm,native,RAPS,mondrian,0.9,group
BARBUNYA,278,0.8848920863309353,1.1007194244604317,0.8057553956834532,dry_bean,R1_full_native,rbf_svm,native,RAPS,mondrian,0.9,row
BOMBAY,102,0.9117647058823528,0.9509803921568628,0.8921568627450981,dry_bean,R1_full_native,rbf_svm,native,RAPS,mondrian,0.9,row
CALI,322,0.903726708074534,1.0993788819875776,0.7795031055900621,dry_bean,R1_full_native,rbf_svm,native,RAPS,mondrian,0.9,row
DERMASON,691,0.9044862518089724,1.069464544138929,0.8162083936324168,dry_bean,R1_full_native,rbf_svm,native,RAPS,mondrian,0.9,row
HOROZ,407,0.914004914004914,1.0294840294840295,0.8501228501228502,dry_bean,R1_full_native,rbf_svm,native,RAPS,mondrian,0.9,row
SEKER,399,0.9172932330827068,1.0275689223057645,0.8796992481203008,dry_bean,R1_full_native,rbf_svm,native,RAPS,mondrian,0.9,row
SIRA,526,0.8878326996197718,1.1977186311787071,0.7452471482889734,dry_bean,R1_full_native,rbf_svm,native,RAPS,mondrian,0.9,row
BARBUNYA,278,0.9316546762589928,1.20863309352518,0.8057553956834532,dry_bean,R1_full_native,rbf_svm,native,RAPS,marginal,0.95,group
BOMBAY,102,0.9607843137254902,1.0196078431372548,0.931372549019608,dry_bean,R1_full_native,rbf_svm,native,RAPS,marginal,0.95,group
CALI,322,0.9627329192546584,1.236024844720497,0.7577639751552795,dry_bean,R1_full_native,rbf_svm,native,RAPS,marginal,0.95,group
DERMASON,691,0.959479015918958,1.1577424023154848,0.8060781476121563,dry_bean,R1_full_native,rbf_svm,native,RAPS,marginal,0.95,group
HOROZ,391,0.959079283887468,1.132992327365729,0.8542199488491049,dry_bean,R1_full_native,rbf_svm,native,RAPS,marginal,0.95,group
SEKER,399,0.949874686716792,1.1152882205513786,0.8471177944862155,dry_bean,R1_full_native,rbf_svm,native,RAPS,marginal,0.95,group
SIRA,526,0.9334600760456274,1.3536121673003805,0.6615969581749049,dry_bean,R1_full_native,rbf_svm,native,RAPS,marginal,0.95,group
BARBUNYA,278,0.9316546762589928,1.20863309352518,0.8057553956834532,dry_bean,R1_full_native,rbf_svm,native,RAPS,marginal,0.95,row
BOMBAY,102,0.9607843137254902,1.0196078431372548,0.931372549019608,dry_bean,R1_full_native,rbf_svm,native,RAPS,marginal,0.95,row
CALI,322,0.9627329192546584,1.236024844720497,0.7577639751552795,dry_bean,R1_full_native,rbf_svm,native,RAPS,marginal,0.95,row
DERMASON,691,0.959479015918958,1.1577424023154848,0.8060781476121563,dry_bean,R1_full_native,rbf_svm,native,RAPS,marginal,0.95,row
HOROZ,407,0.9606879606879608,1.1302211302211302,0.8574938574938575,dry_bean,R1_full_native,rbf_svm,native,RAPS,marginal,0.95,row
SEKER,399,0.949874686716792,1.1152882205513786,0.8471177944862155,dry_bean,R1_full_native,rbf_svm,native,RAPS,marginal,0.95,row
SIRA,526,0.9334600760456274,1.3536121673003805,0.6615969581749049,dry_bean,R1_full_native,rbf_svm,native,RAPS,marginal,0.95,row
BARBUNYA,278,0.9424460431654677,1.2050359712230216,0.8093525179856115,dry_bean,R1_full_native,rbf_svm,native,RAPS,mondrian,0.95,group
BOMBAY,102,0.9803921568627452,1.0588235294117647,0.9411764705882352,dry_bean,R1_full_native,rbf_svm,native,RAPS,mondrian,0.95,group
CALI,322,0.9627329192546584,1.2763975155279503,0.7360248447204969,dry_bean,R1_full_native,rbf_svm,native,RAPS,mondrian,0.95,group
DERMASON,691,0.9450072358900145,1.186685962373372,0.7583212735166426,dry_bean,R1_full_native,rbf_svm,native,RAPS,mondrian,0.95,group
HOROZ,391,0.969309462915601,1.1687979539641944,0.8414322250639387,dry_bean,R1_full_native,rbf_svm,native,RAPS,mondrian,0.95,group
SEKER,399,0.9523809523809524,1.112781954887218,0.8546365914786967,dry_bean,R1_full_native,rbf_svm,native,RAPS,mondrian,0.95,group
SIRA,526,0.9486692015209124,1.3726235741444868,0.6539923954372624,dry_bean,R1_full_native,rbf_svm,native,RAPS,mondrian,0.95,group
BARBUNYA,278,0.9424460431654677,1.2050359712230216,0.8093525179856115,dry_bean,R1_full_native,rbf_svm,native,RAPS,mondrian,0.95,row
BOMBAY,102,0.9803921568627452,1.0588235294117647,0.9411764705882352,dry_bean,R1_full_native,rbf_svm,native,RAPS,mondrian,0.95,row
CALI,322,0.9627329192546584,1.2763975155279503,0.7360248447204969,dry_bean,R1_full_native,rbf_svm,native,RAPS,mondrian,0.95,row
DERMASON,691,0.9450072358900145,1.186685962373372,0.7583212735166426,dry_bean,R1_full_native,rbf_svm,native,RAPS,mondrian,0.95,row
HOROZ,407,0.9705159705159704,1.1670761670761671,0.8427518427518428,dry_bean,R1_full_native,rbf_svm,native,RAPS,mondrian,0.95,row
SEKER,399,0.9523809523809524,1.112781954887218,0.8546365914786967,dry_bean,R1_full_native,rbf_svm,native,RAPS,mondrian,0.95,row
SIRA,526,0.9486692015209124,1.3726235741444868,0.6539923954372624,dry_bean,R1_full_native,rbf_svm,native,RAPS,mondrian,0.95,row
BARBUNYA,278,0.8705035971223022,0.9280575539568344,0.9280575539568344,dry_bean,R1_full_native,rbf_svm,temperature_scaled,LAC,marginal,0.9,group
BOMBAY,102,0.9901960784313726,0.9901960784313726,0.9901960784313726,dry_bean,R1_full_native,rbf_svm,temperature_scaled,LAC,marginal,0.9,group
CALI,322,0.9130434782608696,0.9440993788819876,0.9440993788819876,dry_bean,R1_full_native,rbf_svm,temperature_scaled,LAC,marginal,0.9,group
DERMASON,691,0.8885672937771346,0.9392185238784372,0.9392185238784372,dry_bean,R1_full_native,rbf_svm,temperature_scaled,LAC,marginal,0.9,group
HOROZ,391,0.9462915601023018,0.9667519181585678,0.9667519181585678,dry_bean,R1_full_native,rbf_svm,temperature_scaled,LAC,marginal,0.9,group
SEKER,399,0.9223057644110276,0.9523809523809524,0.9523809523809524,dry_bean,R1_full_native,rbf_svm,temperature_scaled,LAC,marginal,0.9,group
SIRA,526,0.7965779467680608,0.9144486692015208,0.9144486692015208,dry_bean,R1_full_native,rbf_svm,temperature_scaled,LAC,marginal,0.9,group
BARBUNYA,278,0.8705035971223022,0.9280575539568344,0.9280575539568344,dry_bean,R1_full_native,rbf_svm,temperature_scaled,LAC,marginal,0.9,row
BOMBAY,102,0.9901960784313726,0.9901960784313726,0.9901960784313726,dry_bean,R1_full_native,rbf_svm,temperature_scaled,LAC,marginal,0.9,row
CALI,322,0.9130434782608696,0.9440993788819876,0.9440993788819876,dry_bean,R1_full_native,rbf_svm,temperature_scaled,LAC,marginal,0.9,row
DERMASON,691,0.8885672937771346,0.9392185238784372,0.9392185238784372,dry_bean,R1_full_native,rbf_svm,temperature_scaled,LAC,marginal,0.9,row
HOROZ,407,0.9484029484029484,0.968058968058968,0.968058968058968,dry_bean,R1_full_native,rbf_svm,temperature_scaled,LAC,marginal,0.9,row
SEKER,399,0.9223057644110276,0.9523809523809524,0.9523809523809524,dry_bean,R1_full_native,rbf_svm,temperature_scaled,LAC,marginal,0.9,row
SIRA,526,0.7965779467680608,0.9144486692015208,0.9144486692015208,dry_bean,R1_full_native,rbf_svm,temperature_scaled,LAC,marginal,0.9,row
BARBUNYA,278,0.8848920863309353,0.9640287769784172,0.9640287769784172,dry_bean,R1_full_native,rbf_svm,temperature_scaled,LAC,mondrian,0.9,group
BOMBAY,102,0.8529411764705882,0.8529411764705882,0.8529411764705882,dry_bean,R1_full_native,rbf_svm,temperature_scaled,LAC,mondrian,0.9,group
CALI,322,0.9192546583850932,0.9596273291925466,0.9596273291925466,dry_bean,R1_full_native,rbf_svm,temperature_scaled,LAC,mondrian,0.9,group
DERMASON,691,0.8769898697539797,0.9652677279305356,0.9652677279305356,dry_bean,R1_full_native,rbf_svm,temperature_scaled,LAC,mondrian,0.9,group
HOROZ,391,0.9335038363171356,0.9641943734015346,0.9641943734015346,dry_bean,R1_full_native,rbf_svm,temperature_scaled,LAC,mondrian,0.9,group
SEKER,399,0.9047619047619048,0.9598997493734336,0.9598997493734336,dry_bean,R1_full_native,rbf_svm,temperature_scaled,LAC,mondrian,0.9,group
SIRA,526,0.8745247148288974,0.9695817490494296,0.9657794676806084,dry_bean,R1_full_native,rbf_svm,temperature_scaled,LAC,mondrian,0.9,group
BARBUNYA,278,0.8848920863309353,0.9640287769784172,0.9640287769784172,dry_bean,R1_full_native,rbf_svm,temperature_scaled,LAC,mondrian,0.9,row
BOMBAY,102,0.8529411764705882,0.8529411764705882,0.8529411764705882,dry_bean,R1_full_native,rbf_svm,temperature_scaled,LAC,mondrian,0.9,row
CALI,322,0.9192546583850932,0.9596273291925466,0.9596273291925466,dry_bean,R1_full_native,rbf_svm,temperature_scaled,LAC,mondrian,0.9,row
DERMASON,691,0.8769898697539797,0.9652677279305356,0.9652677279305356,dry_bean,R1_full_native,rbf_svm,temperature_scaled,LAC,mondrian,0.9,row
HOROZ,407,0.936117936117936,0.9656019656019657,0.9656019656019657,dry_bean,R1_full_native,rbf_svm,temperature_scaled,LAC,mondrian,0.9,row
SEKER,399,0.9047619047619048,0.9598997493734336,0.9598997493734336,dry_bean,R1_full_native,rbf_svm,temperature_scaled,LAC,mondrian,0.9,row
SIRA,526,0.8745247148288974,0.9695817490494296,0.9657794676806084,dry_bean,R1_full_native,rbf_svm,temperature_scaled,LAC,mondrian,0.9,row
BARBUNYA,278,0.9280575539568344,1.0827338129496402,0.9172661870503596,dry_bean,R1_full_native,rbf_svm,temperature_scaled,LAC,marginal,0.95,group
BOMBAY,102,1.0,1.0,1.0,dry_bean,R1_full_native,rbf_svm,temperature_scaled,LAC,marginal,0.95,group
CALI,322,0.968944099378882,1.0714285714285714,0.9285714285714286,dry_bean,R1_full_native,rbf_svm,temperature_scaled,LAC,marginal,0.95,group
DERMASON,691,0.959479015918958,1.0897250361794502,0.91027496382055,dry_bean,R1_full_native,rbf_svm,temperature_scaled,LAC,marginal,0.95,group
HOROZ,391,0.979539641943734,1.0460358056265984,0.9565217391304348,dry_bean,R1_full_native,rbf_svm,temperature_scaled,LAC,marginal,0.95,group
SEKER,399,0.9699248120300752,1.06265664160401,0.9423558897243108,dry_bean,R1_full_native,rbf_svm,temperature_scaled,LAC,marginal,0.95,group
SIRA,526,0.908745247148289,1.138783269961977,0.8612167300380228,dry_bean,R1_full_native,rbf_svm,temperature_scaled,LAC,marginal,0.95,group
BARBUNYA,278,0.9280575539568344,1.0827338129496402,0.9172661870503596,dry_bean,R1_full_native,rbf_svm,temperature_scaled,LAC,marginal,0.95,row
BOMBAY,102,1.0,1.0,1.0,dry_bean,R1_full_native,rbf_svm,temperature_scaled,LAC,marginal,0.95,row
CALI,322,0.968944099378882,1.0714285714285714,0.9285714285714286,dry_bean,R1_full_native,rbf_svm,temperature_scaled,LAC,marginal,0.95,row
DERMASON,691,0.959479015918958,1.0897250361794502,0.91027496382055,dry_bean,R1_full_native,rbf_svm,temperature_scaled,LAC,marginal,0.95,row
HOROZ,407,0.9803439803439804,1.0442260442260445,0.9582309582309584,dry_bean,R1_full_native,rbf_svm,temperature_scaled,LAC,marginal,0.95,row
SEKER,399,0.9699248120300752,1.06265664160401,0.9423558897243108,dry_bean,R1_full_native,rbf_svm,temperature_scaled,LAC,marginal,0.95,row
SIRA,526,0.908745247148289,1.138783269961977,0.8612167300380228,dry_bean,R1_full_native,rbf_svm,temperature_scaled,LAC,marginal,0.95,row
BARBUNYA,278,0.9316546762589928,1.10431654676259,0.9028776978417268,dry_bean,R1_full_native,rbf_svm,temperature_scaled,LAC,mondrian,0.95,group
BOMBAY,102,0.9019607843137256,0.9019607843137256,0.9019607843137256,dry_bean,R1_full_native,rbf_svm,temperature_scaled,LAC,mondrian,0.95,group
CALI,322,0.968944099378882,1.096273291925466,0.906832298136646,dry_bean,R1_full_native,rbf_svm,temperature_scaled,LAC,mondrian,0.95,group
DERMASON,691,0.9406657018813314,1.102749638205499,0.8986975397973951,dry_bean,R1_full_native,rbf_svm,temperature_scaled,LAC,mondrian,0.95,group
HOROZ,391,0.9820971867007672,1.0588235294117647,0.9437340153452686,dry_bean,R1_full_native,rbf_svm,temperature_scaled,LAC,mondrian,0.95,group
SEKER,399,0.9573934837092732,1.045112781954887,0.9548872180451128,dry_bean,R1_full_native,rbf_svm,temperature_scaled,LAC,mondrian,0.95,group
SIRA,526,0.9486692015209124,1.1368821292775666,0.8631178707224335,dry_bean,R1_full_native,rbf_svm,temperature_scaled,LAC,mondrian,0.95,group
BARBUNYA,278,0.9316546762589928,1.10431654676259,0.9028776978417268,dry_bean,R1_full_native,rbf_svm,temperature_scaled,LAC,mondrian,0.95,row
BOMBAY,102,0.9019607843137256,0.9019607843137256,0.9019607843137256,dry_bean,R1_full_native,rbf_svm,temperature_scaled,LAC,mondrian,0.95,row
CALI,322,0.968944099378882,1.096273291925466,0.906832298136646,dry_bean,R1_full_native,rbf_svm,temperature_scaled,LAC,mondrian,0.95,row
DERMASON,691,0.9406657018813314,1.102749638205499,0.8986975397973951,dry_bean,R1_full_native,rbf_svm,temperature_scaled,LAC,mondrian,0.95,row
HOROZ,407,0.9828009828009828,1.0565110565110565,0.945945945945946,dry_bean,R1_full_native,rbf_svm,temperature_scaled,LAC,mondrian,0.95,row
SEKER,399,0.9573934837092732,1.045112781954887,0.9548872180451128,dry_bean,R1_full_native,rbf_svm,temperature_scaled,LAC,mondrian,0.95,row
SIRA,526,0.9486692015209124,1.1368821292775666,0.8631178707224335,dry_bean,R1_full_native,rbf_svm,temperature_scaled,LAC,mondrian,0.95,row
BARBUNYA,278,0.8705035971223022,1.10431654676259,0.7949640287769785,dry_bean,R1_full_native,rbf_svm,temperature_scaled,APS,marginal,0.9,group
BOMBAY,102,0.8921568627450981,0.931372549019608,0.8725490196078431,dry_bean,R1_full_native,rbf_svm,temperature_scaled,APS,marginal,0.9,group
CALI,322,0.9130434782608696,1.0993788819875776,0.7981366459627329,dry_bean,R1_full_native,rbf_svm,temperature_scaled,APS,marginal,0.9,group
DERMASON,691,0.9073806078147612,1.0709117221418234,0.8147612156295224,dry_bean,R1_full_native,rbf_svm,temperature_scaled,APS,marginal,0.9,group
HOROZ,391,0.9156010230179028,1.030690537084399,0.8516624040920716,dry_bean,R1_full_native,rbf_svm,temperature_scaled,APS,marginal,0.9,group
SEKER,399,0.899749373433584,1.0175438596491229,0.8596491228070176,dry_bean,R1_full_native,rbf_svm,temperature_scaled,APS,marginal,0.9,group
SIRA,526,0.8840304182509505,1.2072243346007605,0.7338403041825095,dry_bean,R1_full_native,rbf_svm,temperature_scaled,APS,marginal,0.9,group
BARBUNYA,278,0.8705035971223022,1.10431654676259,0.7949640287769785,dry_bean,R1_full_native,rbf_svm,temperature_scaled,APS,marginal,0.9,row
BOMBAY,102,0.8921568627450981,0.931372549019608,0.8725490196078431,dry_bean,R1_full_native,rbf_svm,temperature_scaled,APS,marginal,0.9,row
CALI,322,0.9130434782608696,1.0993788819875776,0.7981366459627329,dry_bean,R1_full_native,rbf_svm,temperature_scaled,APS,marginal,0.9,row
DERMASON,691,0.9073806078147612,1.0709117221418234,0.8147612156295224,dry_bean,R1_full_native,rbf_svm,temperature_scaled,APS,marginal,0.9,row
HOROZ,407,0.9164619164619164,1.0294840294840295,0.8525798525798526,dry_bean,R1_full_native,rbf_svm,temperature_scaled,APS,marginal,0.9,row
SEKER,399,0.899749373433584,1.0175438596491229,0.8596491228070176,dry_bean,R1_full_native,rbf_svm,temperature_scaled,APS,marginal,0.9,row
SIRA,526,0.8840304182509505,1.2072243346007605,0.7338403041825095,dry_bean,R1_full_native,rbf_svm,temperature_scaled,APS,marginal,0.9,row
BARBUNYA,278,0.8848920863309353,1.1115107913669064,0.7985611510791367,dry_bean,R1_full_native,rbf_svm,temperature_scaled,APS,mondrian,0.9,group
BOMBAY,102,0.9117647058823528,0.9509803921568628,0.8921568627450981,dry_bean,R1_full_native,rbf_svm,temperature_scaled,APS,mondrian,0.9,group
CALI,322,0.903726708074534,1.105590062111801,0.7732919254658385,dry_bean,R1_full_native,rbf_svm,temperature_scaled,APS,mondrian,0.9,group
DERMASON,691,0.9044862518089724,1.069464544138929,0.8118668596237337,dry_bean,R1_full_native,rbf_svm,temperature_scaled,APS,mondrian,0.9,group
HOROZ,391,0.90537084398977,1.0230179028132993,0.8414322250639387,dry_bean,R1_full_native,rbf_svm,temperature_scaled,APS,mondrian,0.9,group
SEKER,399,0.9197994987468672,1.0350877192982455,0.87468671679198,dry_bean,R1_full_native,rbf_svm,temperature_scaled,APS,mondrian,0.9,group
SIRA,526,0.8840304182509505,1.214828897338403,0.7300380228136882,dry_bean,R1_full_native,rbf_svm,temperature_scaled,APS,mondrian,0.9,group
BARBUNYA,278,0.8848920863309353,1.1115107913669064,0.7985611510791367,dry_bean,R1_full_native,rbf_svm,temperature_scaled,APS,mondrian,0.9,row
BOMBAY,102,0.9117647058823528,0.9509803921568628,0.8921568627450981,dry_bean,R1_full_native,rbf_svm,temperature_scaled,APS,mondrian,0.9,row
CALI,322,0.903726708074534,1.105590062111801,0.7732919254658385,dry_bean,R1_full_native,rbf_svm,temperature_scaled,APS,mondrian,0.9,row
DERMASON,691,0.9044862518089724,1.069464544138929,0.8118668596237337,dry_bean,R1_full_native,rbf_svm,temperature_scaled,APS,mondrian,0.9,row
HOROZ,407,0.9041769041769042,1.0196560196560196,0.8402948402948403,dry_bean,R1_full_native,rbf_svm,temperature_scaled,APS,mondrian,0.9,row
SEKER,399,0.9197994987468672,1.0350877192982455,0.87468671679198,dry_bean,R1_full_native,rbf_svm,temperature_scaled,APS,mondrian,0.9,row
SIRA,526,0.8840304182509505,1.214828897338403,0.7300380228136882,dry_bean,R1_full_native,rbf_svm,temperature_scaled,APS,mondrian,0.9,row
BARBUNYA,278,0.9388489208633094,1.237410071942446,0.7949640287769785,dry_bean,R1_full_native,rbf_svm,temperature_scaled,APS,marginal,0.95,group
BOMBAY,102,0.9411764705882352,1.0098039215686274,0.9117647058823528,dry_bean,R1_full_native,rbf_svm,temperature_scaled,APS,marginal,0.95,group
CALI,322,0.968944099378882,1.2701863354037266,0.7453416149068323,dry_bean,R1_full_native,rbf_svm,temperature_scaled,APS,marginal,0.95,group
DERMASON,691,0.9623733719247468,1.1736613603473227,0.8002894356005789,dry_bean,R1_full_native,rbf_svm,temperature_scaled,APS,marginal,0.95,group
HOROZ,391,0.959079283887468,1.1585677749360614,0.8516624040920716,dry_bean,R1_full_native,rbf_svm,temperature_scaled,APS,marginal,0.95,group
SEKER,399,0.949874686716792,1.1303258145363408,0.8370927318295739,dry_bean,R1_full_native,rbf_svm,temperature_scaled,APS,marginal,0.95,group
SIRA,526,0.9334600760456274,1.3897338403041826,0.6349809885931559,dry_bean,R1_full_native,rbf_svm,temperature_scaled,APS,marginal,0.95,group
BARBUNYA,278,0.9388489208633094,1.237410071942446,0.7949640287769785,dry_bean,R1_full_native,rbf_svm,temperature_scaled,APS,marginal,0.95,row
BOMBAY,102,0.9411764705882352,1.0098039215686274,0.9117647058823528,dry_bean,R1_full_native,rbf_svm,temperature_scaled,APS,marginal,0.95,row
CALI,322,0.968944099378882,1.2701863354037266,0.7453416149068323,dry_bean,R1_full_native,rbf_svm,temperature_scaled,APS,marginal,0.95,row
DERMASON,691,0.9623733719247468,1.1736613603473227,0.8002894356005789,dry_bean,R1_full_native,rbf_svm,temperature_scaled,APS,marginal,0.95,row
HOROZ,407,0.9606879606879608,1.154791154791155,0.855036855036855,dry_bean,R1_full_native,rbf_svm,temperature_scaled,APS,marginal,0.95,row
SEKER,399,0.949874686716792,1.1303258145363408,0.8370927318295739,dry_bean,R1_full_native,rbf_svm,temperature_scaled,APS,marginal,0.95,row
SIRA,526,0.9334600760456274,1.3897338403041826,0.6349809885931559,dry_bean,R1_full_native,rbf_svm,temperature_scaled,APS,marginal,0.95,row
BARBUNYA,278,0.9532374100719424,1.2697841726618706,0.7949640287769785,dry_bean,R1_full_native,rbf_svm,temperature_scaled,APS,mondrian,0.95,group
BOMBAY,102,0.9803921568627452,1.068627450980392,0.9411764705882352,dry_bean,R1_full_native,rbf_svm,temperature_scaled,APS,mondrian,0.95,group
CALI,322,0.9658385093167702,1.2981366459627328,0.7360248447204969,dry_bean,R1_full_native,rbf_svm,temperature_scaled,APS,mondrian,0.95,group
DERMASON,691,0.9435600578871202,1.2011577424023154,0.7467438494934877,dry_bean,R1_full_native,rbf_svm,temperature_scaled,APS,mondrian,0.95,group
HOROZ,391,0.9667519181585678,1.1764705882352942,0.8414322250639387,dry_bean,R1_full_native,rbf_svm,temperature_scaled,APS,mondrian,0.95,group
SEKER,399,0.949874686716792,1.1152882205513786,0.8521303258145363,dry_bean,R1_full_native,rbf_svm,temperature_scaled,APS,mondrian,0.95,group
SIRA,526,0.946768060836502,1.3897338403041826,0.6482889733840305,dry_bean,R1_full_native,rbf_svm,temperature_scaled,APS,mondrian,0.95,group
BARBUNYA,278,0.9532374100719424,1.2697841726618706,0.7949640287769785,dry_bean,R1_full_native,rbf_svm,temperature_scaled,APS,mondrian,0.95,row
BOMBAY,102,0.9803921568627452,1.068627450980392,0.9411764705882352,dry_bean,R1_full_native,rbf_svm,temperature_scaled,APS,mondrian,0.95,row
CALI,322,0.9658385093167702,1.2981366459627328,0.7360248447204969,dry_bean,R1_full_native,rbf_svm,temperature_scaled,APS,mondrian,0.95,row
DERMASON,691,0.9435600578871202,1.2011577424023154,0.7467438494934877,dry_bean,R1_full_native,rbf_svm,temperature_scaled,APS,mondrian,0.95,row
HOROZ,407,0.968058968058968,1.1744471744471745,0.8427518427518428,dry_bean,R1_full_native,rbf_svm,temperature_scaled,APS,mondrian,0.95,row
SEKER,399,0.949874686716792,1.1152882205513786,0.8521303258145363,dry_bean,R1_full_native,rbf_svm,temperature_scaled,APS,mondrian,0.95,row
SIRA,526,0.946768060836502,1.3897338403041826,0.6482889733840305,dry_bean,R1_full_native,rbf_svm,temperature_scaled,APS,mondrian,0.95,row
BARBUNYA,278,0.8705035971223022,1.0863309352517985,0.7985611510791367,dry_bean,R1_full_native,rbf_svm,temperature_scaled,RAPS,marginal,0.9,group
BOMBAY,102,0.9019607843137256,0.9411764705882352,0.8823529411764706,dry_bean,R1_full_native,rbf_svm,temperature_scaled,RAPS,marginal,0.9,group
CALI,322,0.9192546583850932,1.093167701863354,0.8136645962732919,dry_bean,R1_full_native,rbf_svm,temperature_scaled,RAPS,marginal,0.9,group
DERMASON,691,0.91027496382055,1.0723589001447178,0.8191027496382055,dry_bean,R1_full_native,rbf_svm,temperature_scaled,RAPS,marginal,0.9,group
HOROZ,391,0.918158567774936,1.030690537084399,0.8593350383631714,dry_bean,R1_full_native,rbf_svm,temperature_scaled,RAPS,marginal,0.9,group
SEKER,399,0.899749373433584,1.0100250626566416,0.8621553884711779,dry_bean,R1_full_native,rbf_svm,temperature_scaled,RAPS,marginal,0.9,group
SIRA,526,0.8859315589353612,1.1977186311787071,0.7452471482889734,dry_bean,R1_full_native,rbf_svm,temperature_scaled,RAPS,marginal,0.9,group
BARBUNYA,278,0.8705035971223022,1.0863309352517985,0.7985611510791367,dry_bean,R1_full_native,rbf_svm,temperature_scaled,RAPS,marginal,0.9,row
BOMBAY,102,0.9019607843137256,0.9411764705882352,0.8823529411764706,dry_bean,R1_full_native,rbf_svm,temperature_scaled,RAPS,marginal,0.9,row
CALI,322,0.9192546583850932,1.093167701863354,0.8136645962732919,dry_bean,R1_full_native,rbf_svm,temperature_scaled,RAPS,marginal,0.9,row
DERMASON,691,0.91027496382055,1.0723589001447178,0.8191027496382055,dry_bean,R1_full_native,rbf_svm,temperature_scaled,RAPS,marginal,0.9,row
HOROZ,407,0.918918918918919,1.0294840294840295,0.85995085995086,dry_bean,R1_full_native,rbf_svm,temperature_scaled,RAPS,marginal,0.9,row
SEKER,399,0.899749373433584,1.0100250626566416,0.8621553884711779,dry_bean,R1_full_native,rbf_svm,temperature_scaled,RAPS,marginal,0.9,row
SIRA,526,0.8859315589353612,1.1977186311787071,0.7452471482889734,dry_bean,R1_full_native,rbf_svm,temperature_scaled,RAPS,marginal,0.9,row
BARBUNYA,278,0.8848920863309353,1.0935251798561152,0.8129496402877698,dry_bean,R1_full_native,rbf_svm,temperature_scaled,RAPS,mondrian,0.9,group
BOMBAY,102,0.9117647058823528,0.9509803921568628,0.8921568627450981,dry_bean,R1_full_native,rbf_svm,temperature_scaled,RAPS,mondrian,0.9,group
CALI,322,0.903726708074534,1.0993788819875776,0.7795031055900621,dry_bean,R1_full_native,rbf_svm,temperature_scaled,RAPS,mondrian,0.9,group
DERMASON,691,0.9030390738060782,1.0665701881331404,0.8162083936324168,dry_bean,R1_full_native,rbf_svm,temperature_scaled,RAPS,mondrian,0.9,group
HOROZ,391,0.9130434782608696,1.0255754475703325,0.8542199488491049,dry_bean,R1_full_native,rbf_svm,temperature_scaled,RAPS,mondrian,0.9,group
SEKER,399,0.9172932330827068,1.0275689223057645,0.8796992481203008,dry_bean,R1_full_native,rbf_svm,temperature_scaled,RAPS,mondrian,0.9,group
SIRA,526,0.8878326996197718,1.1958174904942966,0.747148288973384,dry_bean,R1_full_native,rbf_svm,temperature_scaled,RAPS,mondrian,0.9,group
BARBUNYA,278,0.8848920863309353,1.0935251798561152,0.8129496402877698,dry_bean,R1_full_native,rbf_svm,temperature_scaled,RAPS,mondrian,0.9,row
BOMBAY,102,0.9117647058823528,0.9509803921568628,0.8921568627450981,dry_bean,R1_full_native,rbf_svm,temperature_scaled,RAPS,mondrian,0.9,row
CALI,322,0.903726708074534,1.0993788819875776,0.7795031055900621,dry_bean,R1_full_native,rbf_svm,temperature_scaled,RAPS,mondrian,0.9,row
DERMASON,691,0.9030390738060782,1.0665701881331404,0.8162083936324168,dry_bean,R1_full_native,rbf_svm,temperature_scaled,RAPS,mondrian,0.9,row
HOROZ,407,0.914004914004914,1.0245700245700249,0.855036855036855,dry_bean,R1_full_native,rbf_svm,temperature_scaled,RAPS,mondrian,0.9,row
SEKER,399,0.9172932330827068,1.0275689223057645,0.8796992481203008,dry_bean,R1_full_native,rbf_svm,temperature_scaled,RAPS,mondrian,0.9,row
SIRA,526,0.8878326996197718,1.1958174904942966,0.747148288973384,dry_bean,R1_full_native,rbf_svm,temperature_scaled,RAPS,mondrian,0.9,row
BARBUNYA,278,0.935251798561151,1.2050359712230216,0.8129496402877698,dry_bean,R1_full_native,rbf_svm,temperature_scaled,RAPS,marginal,0.95,group
BOMBAY,102,0.9705882352941176,1.0294117647058822,0.9411764705882352,dry_bean,R1_full_native,rbf_svm,temperature_scaled,RAPS,marginal,0.95,group
CALI,322,0.9627329192546584,1.2329192546583851,0.7608695652173914,dry_bean,R1_full_native,rbf_svm,temperature_scaled,RAPS,marginal,0.95,group
DERMASON,691,0.959479015918958,1.1562952243125904,0.8075253256150506,dry_bean,R1_full_native,rbf_svm,temperature_scaled,RAPS,marginal,0.95,group
HOROZ,391,0.959079283887468,1.1278772378516624,0.8542199488491049,dry_bean,R1_full_native,rbf_svm,temperature_scaled,RAPS,marginal,0.95,group
SEKER,399,0.9473684210526316,1.1077694235588973,0.8546365914786967,dry_bean,R1_full_native,rbf_svm,temperature_scaled,RAPS,marginal,0.95,group
SIRA,526,0.9315589353612168,1.3422053231939164,0.6711026615969582,dry_bean,R1_full_native,rbf_svm,temperature_scaled,RAPS,marginal,0.95,group
BARBUNYA,278,0.935251798561151,1.2050359712230216,0.8129496402877698,dry_bean,R1_full_native,rbf_svm,temperature_scaled,RAPS,marginal,0.95,row
BOMBAY,102,0.9705882352941176,1.0294117647058822,0.9411764705882352,dry_bean,R1_full_native,rbf_svm,temperature_scaled,RAPS,marginal,0.95,row
CALI,322,0.9627329192546584,1.2329192546583851,0.7608695652173914,dry_bean,R1_full_native,rbf_svm,temperature_scaled,RAPS,marginal,0.95,row
DERMASON,691,0.959479015918958,1.1562952243125904,0.8075253256150506,dry_bean,R1_full_native,rbf_svm,temperature_scaled,RAPS,marginal,0.95,row
HOROZ,407,0.9606879606879608,1.1253071253071254,0.8574938574938575,dry_bean,R1_full_native,rbf_svm,temperature_scaled,RAPS,marginal,0.95,row
SEKER,399,0.9473684210526316,1.1077694235588973,0.8546365914786967,dry_bean,R1_full_native,rbf_svm,temperature_scaled,RAPS,marginal,0.95,row
SIRA,526,0.9315589353612168,1.3422053231939164,0.6711026615969582,dry_bean,R1_full_native,rbf_svm,temperature_scaled,RAPS,marginal,0.95,row
BARBUNYA,278,0.9424460431654677,1.2050359712230216,0.8093525179856115,dry_bean,R1_full_native,rbf_svm,temperature_scaled,RAPS,mondrian,0.95,group
BOMBAY,102,0.9803921568627452,1.0588235294117647,0.9411764705882352,dry_bean,R1_full_native,rbf_svm,temperature_scaled,RAPS,mondrian,0.95,group
CALI,322,0.9627329192546584,1.263975155279503,0.7422360248447205,dry_bean,R1_full_native,rbf_svm,temperature_scaled,RAPS,mondrian,0.95,group
DERMASON,691,0.9464544138929089,1.182344428364689,0.7670043415340086,dry_bean,R1_full_native,rbf_svm,temperature_scaled,RAPS,mondrian,0.95,group
HOROZ,391,0.969309462915601,1.1662404092071612,0.8439897698209718,dry_bean,R1_full_native,rbf_svm,temperature_scaled,RAPS,mondrian,0.95,group
SEKER,399,0.9523809523809524,1.1102756892230576,0.8571428571428571,dry_bean,R1_full_native,rbf_svm,temperature_scaled,RAPS,mondrian,0.95,group
SIRA,526,0.946768060836502,1.3669201520912548,0.6520912547528517,dry_bean,R1_full_native,rbf_svm,temperature_scaled,RAPS,mondrian,0.95,group
BARBUNYA,278,0.9424460431654677,1.2050359712230216,0.8093525179856115,dry_bean,R1_full_native,rbf_svm,temperature_scaled,RAPS,mondrian,0.95,row
BOMBAY,102,0.9803921568627452,1.0588235294117647,0.9411764705882352,dry_bean,R1_full_native,rbf_svm,temperature_scaled,RAPS,mondrian,0.95,row
CALI,322,0.9627329192546584,1.263975155279503,0.7422360248447205,dry_bean,R1_full_native,rbf_svm,temperature_scaled,RAPS,mondrian,0.95,row
DERMASON,691,0.9464544138929089,1.182344428364689,0.7670043415340086,dry_bean,R1_full_native,rbf_svm,temperature_scaled,RAPS,mondrian,0.95,row
HOROZ,407,0.9705159705159704,1.1646191646191646,0.8452088452088452,dry_bean,R1_full_native,rbf_svm,temperature_scaled,RAPS,mondrian,0.95,row
SEKER,399,0.9523809523809524,1.1102756892230576,0.8571428571428571,dry_bean,R1_full_native,rbf_svm,temperature_scaled,RAPS,mondrian,0.95,row
SIRA,526,0.946768060836502,1.3669201520912548,0.6520912547528517,dry_bean,R1_full_native,rbf_svm,temperature_scaled,RAPS,mondrian,0.95,row
INIAP-11,601,0.995008319467554,0.995008319467554,0.995008319467554,iniap_rice,R4_hybrid_log_area,rbf_svm,native,LAC,marginal,0.9,group
INIAP-12,802,0.885286783042394,0.8865336658354115,0.8865336658354115,iniap_rice,R4_hybrid_log_area,rbf_svm,native,LAC,marginal,0.9,group
INIAP-20,437,0.7757437070938215,0.7780320366132724,0.7780320366132724,iniap_rice,R4_hybrid_log_area,rbf_svm,native,LAC,marginal,0.9,group
INIAP-11,601,0.995008319467554,0.995008319467554,0.995008319467554,iniap_rice,R4_hybrid_log_area,rbf_svm,native,LAC,marginal,0.9,row
INIAP-12,802,0.885286783042394,0.8865336658354115,0.8865336658354115,iniap_rice,R4_hybrid_log_area,rbf_svm,native,LAC,marginal,0.9,row
INIAP-20,437,0.7757437070938215,0.7780320366132724,0.7780320366132724,iniap_rice,R4_hybrid_log_area,rbf_svm,native,LAC,marginal,0.9,row
INIAP-11,601,0.9267886855241264,0.9267886855241264,0.9267886855241264,iniap_rice,R4_hybrid_log_area,rbf_svm,native,LAC,mondrian,0.9,group
INIAP-12,802,0.8965087281795511,0.899002493765586,0.899002493765586,iniap_rice,R4_hybrid_log_area,rbf_svm,native,LAC,mondrian,0.9,group
INIAP-20,437,0.8901601830663616,0.8924485125858124,0.8924485125858124,iniap_rice,R4_hybrid_log_area,rbf_svm,native,LAC,mondrian,0.9,group
INIAP-11,601,0.9267886855241264,0.9267886855241264,0.9267886855241264,iniap_rice,R4_hybrid_log_area,rbf_svm,native,LAC,mondrian,0.9,row
INIAP-12,802,0.8965087281795511,0.899002493765586,0.899002493765586,iniap_rice,R4_hybrid_log_area,rbf_svm,native,LAC,mondrian,0.9,row
INIAP-20,437,0.8901601830663616,0.8924485125858124,0.8924485125858124,iniap_rice,R4_hybrid_log_area,rbf_svm,native,LAC,mondrian,0.9,row
INIAP-11,601,1.0,1.0,1.0,iniap_rice,R4_hybrid_log_area,rbf_svm,native,LAC,marginal,0.95,group
INIAP-12,802,0.9326683291770572,0.9351620947630924,0.9351620947630924,iniap_rice,R4_hybrid_log_area,rbf_svm,native,LAC,marginal,0.95,group
INIAP-20,437,0.8901601830663616,0.897025171624714,0.897025171624714,iniap_rice,R4_hybrid_log_area,rbf_svm,native,LAC,marginal,0.95,group
INIAP-11,601,1.0,1.0,1.0,iniap_rice,R4_hybrid_log_area,rbf_svm,native,LAC,marginal,0.95,row
INIAP-12,802,0.9326683291770572,0.9351620947630924,0.9351620947630924,iniap_rice,R4_hybrid_log_area,rbf_svm,native,LAC,marginal,0.95,row
INIAP-20,437,0.8901601830663616,0.897025171624714,0.897025171624714,iniap_rice,R4_hybrid_log_area,rbf_svm,native,LAC,marginal,0.95,row
INIAP-11,601,0.9650582362728786,0.9650582362728786,0.9650582362728786,iniap_rice,R4_hybrid_log_area,rbf_svm,native,LAC,mondrian,0.95,group
INIAP-12,802,0.9476309226932668,0.9600997506234414,0.9600997506234414,iniap_rice,R4_hybrid_log_area,rbf_svm,native,LAC,mondrian,0.95,group
INIAP-20,437,0.9290617848970252,0.94279176201373,0.94279176201373,iniap_rice,R4_hybrid_log_area,rbf_svm,native,LAC,mondrian,0.95,group
INIAP-11,601,0.9650582362728786,0.9650582362728786,0.9650582362728786,iniap_rice,R4_hybrid_log_area,rbf_svm,native,LAC,mondrian,0.95,row
INIAP-12,802,0.9476309226932668,0.9600997506234414,0.9600997506234414,iniap_rice,R4_hybrid_log_area,rbf_svm,native,LAC,mondrian,0.95,row
INIAP-20,437,0.9290617848970252,0.94279176201373,0.94279176201373,iniap_rice,R4_hybrid_log_area,rbf_svm,native,LAC,mondrian,0.95,row
INIAP-11,601,0.891846921797005,0.891846921797005,0.891846921797005,iniap_rice,R4_hybrid_log_area,rbf_svm,native,APS,marginal,0.9,group
INIAP-12,802,0.9002493765586035,0.9376558603491272,0.8802992518703242,iniap_rice,R4_hybrid_log_area,rbf_svm,native,APS,marginal,0.9,group
INIAP-20,437,0.908466819221968,0.9679633867276888,0.8947368421052632,iniap_rice,R4_hybrid_log_area,rbf_svm,native,APS,marginal,0.9,group
INIAP-11,601,0.891846921797005,0.891846921797005,0.891846921797005,iniap_rice,R4_hybrid_log_area,rbf_svm,native,APS,marginal,0.9,row
INIAP-12,802,0.9002493765586035,0.9376558603491272,0.8802992518703242,iniap_rice,R4_hybrid_log_area,rbf_svm,native,APS,marginal,0.9,row
INIAP-20,437,0.908466819221968,0.9679633867276888,0.8947368421052632,iniap_rice,R4_hybrid_log_area,rbf_svm,native,APS,marginal,0.9,row
INIAP-11,601,0.8885191347753744,0.8885191347753744,0.8885191347753744,iniap_rice,R4_hybrid_log_area,rbf_svm,native,APS,mondrian,0.9,group
INIAP-12,802,0.899002493765586,0.9376558603491272,0.8778054862842892,iniap_rice,R4_hybrid_log_area,rbf_svm,native,APS,mondrian,0.9,group
INIAP-20,437,0.9176201372997712,0.977116704805492,0.9038901601830664,iniap_rice,R4_hybrid_log_area,rbf_svm,native,APS,mondrian,0.9,group
INIAP-11,601,0.8885191347753744,0.8885191347753744,0.8885191347753744,iniap_rice,R4_hybrid_log_area,rbf_svm,native,APS,mondrian,0.9,row
INIAP-12,802,0.899002493765586,0.9376558603491272,0.8778054862842892,iniap_rice,R4_hybrid_log_area,rbf_svm,native,APS,mondrian,0.9,row
INIAP-20,437,0.9176201372997712,0.977116704805492,0.9038901601830664,iniap_rice,R4_hybrid_log_area,rbf_svm,native,APS,mondrian,0.9,row
INIAP-11,601,0.9450915141430948,0.9450915141430948,0.9450915141430948,iniap_rice,R4_hybrid_log_area,rbf_svm,native,APS,marginal,0.95,group
INIAP-12,802,0.9538653366583542,1.0099750623441397,0.9027431421446384,iniap_rice,R4_hybrid_log_area,rbf_svm,native,APS,marginal,0.95,group
INIAP-20,437,0.9496567505720824,1.0526315789473684,0.8741418764302059,iniap_rice,R4_hybrid_log_area,rbf_svm,native,APS,marginal,0.95,group
INIAP-11,601,0.9450915141430948,0.9450915141430948,0.9450915141430948,iniap_rice,R4_hybrid_log_area,rbf_svm,native,APS,marginal,0.95,row
INIAP-12,802,0.9538653366583542,1.0099750623441397,0.9027431421446384,iniap_rice,R4_hybrid_log_area,rbf_svm,native,APS,marginal,0.95,row
INIAP-20,437,0.9496567505720824,1.0526315789473684,0.8741418764302059,iniap_rice,R4_hybrid_log_area,rbf_svm,native,APS,marginal,0.95,row
INIAP-11,601,0.9434276206322796,0.9434276206322796,0.9434276206322796,iniap_rice,R4_hybrid_log_area,rbf_svm,native,APS,mondrian,0.95,group
INIAP-12,802,0.9501246882793016,1.0149625935162094,0.8902743142144638,iniap_rice,R4_hybrid_log_area,rbf_svm,native,APS,mondrian,0.95,group
INIAP-20,437,0.965675057208238,1.0617848970251715,0.8878718535469108,iniap_rice,R4_hybrid_log_area,rbf_svm,native,APS,mondrian,0.95,group
INIAP-11,601,0.9434276206322796,0.9434276206322796,0.9434276206322796,iniap_rice,R4_hybrid_log_area,rbf_svm,native,APS,mondrian,0.95,row
INIAP-12,802,0.9501246882793016,1.0149625935162094,0.8902743142144638,iniap_rice,R4_hybrid_log_area,rbf_svm,native,APS,mondrian,0.95,row
INIAP-20,437,0.965675057208238,1.0617848970251715,0.8878718535469108,iniap_rice,R4_hybrid_log_area,rbf_svm,native,APS,mondrian,0.95,row
INIAP-11,601,0.891846921797005,0.891846921797005,0.891846921797005,iniap_rice,R4_hybrid_log_area,rbf_svm,native,RAPS,marginal,0.9,group
INIAP-12,802,0.9002493765586035,0.9376558603491272,0.8802992518703242,iniap_rice,R4_hybrid_log_area,rbf_svm,native,RAPS,marginal,0.9,group
INIAP-20,437,0.9130434782608696,0.9725400457665904,0.8993135011441648,iniap_rice,R4_hybrid_log_area,rbf_svm,native,RAPS,marginal,0.9,group
INIAP-11,601,0.891846921797005,0.891846921797005,0.891846921797005,iniap_rice,R4_hybrid_log_area,rbf_svm,native,RAPS,marginal,0.9,row
INIAP-12,802,0.9002493765586035,0.9376558603491272,0.8802992518703242,iniap_rice,R4_hybrid_log_area,rbf_svm,native,RAPS,marginal,0.9,row
INIAP-20,437,0.9130434782608696,0.9725400457665904,0.8993135011441648,iniap_rice,R4_hybrid_log_area,rbf_svm,native,RAPS,marginal,0.9,row
INIAP-11,601,0.8885191347753744,0.8885191347753744,0.8885191347753744,iniap_rice,R4_hybrid_log_area,rbf_svm,native,RAPS,mondrian,0.9,group
INIAP-12,802,0.9002493765586035,0.9376558603491272,0.8802992518703242,iniap_rice,R4_hybrid_log_area,rbf_svm,native,RAPS,mondrian,0.9,group
INIAP-20,437,0.9176201372997712,0.977116704805492,0.9038901601830664,iniap_rice,R4_hybrid_log_area,rbf_svm,native,RAPS,mondrian,0.9,group
INIAP-11,601,0.8885191347753744,0.8885191347753744,0.8885191347753744,iniap_rice,R4_hybrid_log_area,rbf_svm,native,RAPS,mondrian,0.9,row
INIAP-12,802,0.9002493765586035,0.9376558603491272,0.8802992518703242,iniap_rice,R4_hybrid_log_area,rbf_svm,native,RAPS,mondrian,0.9,row
INIAP-20,437,0.9176201372997712,0.977116704805492,0.9038901601830664,iniap_rice,R4_hybrid_log_area,rbf_svm,native,RAPS,mondrian,0.9,row
INIAP-11,601,0.9450915141430948,0.9450915141430948,0.9450915141430948,iniap_rice,R4_hybrid_log_area,rbf_svm,native,RAPS,marginal,0.95,group
INIAP-12,802,0.9513715710723192,1.0,0.912718204488778,iniap_rice,R4_hybrid_log_area,rbf_svm,native,RAPS,marginal,0.95,group
INIAP-20,437,0.9473684210526316,1.0411899313501145,0.88558352402746,iniap_rice,R4_hybrid_log_area,rbf_svm,native,RAPS,marginal,0.95,group
INIAP-11,601,0.9450915141430948,0.9450915141430948,0.9450915141430948,iniap_rice,R4_hybrid_log_area,rbf_svm,native,RAPS,marginal,0.95,row
INIAP-12,802,0.9513715710723192,1.0,0.912718204488778,iniap_rice,R4_hybrid_log_area,rbf_svm,native,RAPS,marginal,0.95,row
INIAP-20,437,0.9473684210526316,1.0411899313501145,0.88558352402746,iniap_rice,R4_hybrid_log_area,rbf_svm,native,RAPS,marginal,0.95,row
INIAP-11,601,0.9434276206322796,0.9434276206322796,0.9434276206322796,iniap_rice,R4_hybrid_log_area,rbf_svm,native,RAPS,mondrian,0.95,group
INIAP-12,802,0.9476309226932668,1.0049875311720695,0.9002493765586035,iniap_rice,R4_hybrid_log_area,rbf_svm,native,RAPS,mondrian,0.95,group
INIAP-20,437,0.9610983981693364,1.0526315789473684,0.897025171624714,iniap_rice,R4_hybrid_log_area,rbf_svm,native,RAPS,mondrian,0.95,group
INIAP-11,601,0.9434276206322796,0.9434276206322796,0.9434276206322796,iniap_rice,R4_hybrid_log_area,rbf_svm,native,RAPS,mondrian,0.95,row
INIAP-12,802,0.9476309226932668,1.0049875311720695,0.9002493765586035,iniap_rice,R4_hybrid_log_area,rbf_svm,native,RAPS,mondrian,0.95,row
INIAP-20,437,0.9610983981693364,1.0526315789473684,0.897025171624714,iniap_rice,R4_hybrid_log_area,rbf_svm,native,RAPS,mondrian,0.95,row
INIAP-11,601,0.995008319467554,0.995008319467554,0.995008319467554,iniap_rice,R4_hybrid_log_area,rbf_svm,temperature_scaled,LAC,marginal,0.9,group
INIAP-12,802,0.885286783042394,0.8865336658354115,0.8865336658354115,iniap_rice,R4_hybrid_log_area,rbf_svm,temperature_scaled,LAC,marginal,0.9,group
INIAP-20,437,0.7757437070938215,0.7780320366132724,0.7780320366132724,iniap_rice,R4_hybrid_log_area,rbf_svm,temperature_scaled,LAC,marginal,0.9,group
INIAP-11,601,0.995008319467554,0.995008319467554,0.995008319467554,iniap_rice,R4_hybrid_log_area,rbf_svm,temperature_scaled,LAC,marginal,0.9,row
INIAP-12,802,0.885286783042394,0.8865336658354115,0.8865336658354115,iniap_rice,R4_hybrid_log_area,rbf_svm,temperature_scaled,LAC,marginal,0.9,row
INIAP-20,437,0.7757437070938215,0.7780320366132724,0.7780320366132724,iniap_rice,R4_hybrid_log_area,rbf_svm,temperature_scaled,LAC,marginal,0.9,row
INIAP-11,601,0.9267886855241264,0.9267886855241264,0.9267886855241264,iniap_rice,R4_hybrid_log_area,rbf_svm,temperature_scaled,LAC,mondrian,0.9,group
INIAP-12,802,0.8965087281795511,0.899002493765586,0.899002493765586,iniap_rice,R4_hybrid_log_area,rbf_svm,temperature_scaled,LAC,mondrian,0.9,group
INIAP-20,437,0.8901601830663616,0.8924485125858124,0.8924485125858124,iniap_rice,R4_hybrid_log_area,rbf_svm,temperature_scaled,LAC,mondrian,0.9,group
INIAP-11,601,0.9267886855241264,0.9267886855241264,0.9267886855241264,iniap_rice,R4_hybrid_log_area,rbf_svm,temperature_scaled,LAC,mondrian,0.9,row
INIAP-12,802,0.8965087281795511,0.899002493765586,0.899002493765586,iniap_rice,R4_hybrid_log_area,rbf_svm,temperature_scaled,LAC,mondrian,0.9,row
INIAP-20,437,0.8901601830663616,0.8924485125858124,0.8924485125858124,iniap_rice,R4_hybrid_log_area,rbf_svm,temperature_scaled,LAC,mondrian,0.9,row
INIAP-11,601,1.0,1.0,1.0,iniap_rice,R4_hybrid_log_area,rbf_svm,temperature_scaled,LAC,marginal,0.95,group
INIAP-12,802,0.9326683291770572,0.9351620947630924,0.9351620947630924,iniap_rice,R4_hybrid_log_area,rbf_svm,temperature_scaled,LAC,marginal,0.95,group
INIAP-20,437,0.8901601830663616,0.897025171624714,0.897025171624714,iniap_rice,R4_hybrid_log_area,rbf_svm,temperature_scaled,LAC,marginal,0.95,group
INIAP-11,601,1.0,1.0,1.0,iniap_rice,R4_hybrid_log_area,rbf_svm,temperature_scaled,LAC,marginal,0.95,row
INIAP-12,802,0.9326683291770572,0.9351620947630924,0.9351620947630924,iniap_rice,R4_hybrid_log_area,rbf_svm,temperature_scaled,LAC,marginal,0.95,row
INIAP-20,437,0.8901601830663616,0.897025171624714,0.897025171624714,iniap_rice,R4_hybrid_log_area,rbf_svm,temperature_scaled,LAC,marginal,0.95,row
INIAP-11,601,0.9650582362728786,0.9650582362728786,0.9650582362728786,iniap_rice,R4_hybrid_log_area,rbf_svm,temperature_scaled,LAC,mondrian,0.95,group
INIAP-12,802,0.9476309226932668,0.9600997506234414,0.9600997506234414,iniap_rice,R4_hybrid_log_area,rbf_svm,temperature_scaled,LAC,mondrian,0.95,group
INIAP-20,437,0.9290617848970252,0.94279176201373,0.94279176201373,iniap_rice,R4_hybrid_log_area,rbf_svm,temperature_scaled,LAC,mondrian,0.95,group
INIAP-11,601,0.9650582362728786,0.9650582362728786,0.9650582362728786,iniap_rice,R4_hybrid_log_area,rbf_svm,temperature_scaled,LAC,mondrian,0.95,row
INIAP-12,802,0.9476309226932668,0.9600997506234414,0.9600997506234414,iniap_rice,R4_hybrid_log_area,rbf_svm,temperature_scaled,LAC,mondrian,0.95,row
INIAP-20,437,0.9290617848970252,0.94279176201373,0.94279176201373,iniap_rice,R4_hybrid_log_area,rbf_svm,temperature_scaled,LAC,mondrian,0.95,row
INIAP-11,601,0.8968386023294509,0.8968386023294509,0.8968386023294509,iniap_rice,R4_hybrid_log_area,rbf_svm,temperature_scaled,APS,marginal,0.9,group
INIAP-12,802,0.9014962593516208,0.9389027431421446,0.8815461346633416,iniap_rice,R4_hybrid_log_area,rbf_svm,temperature_scaled,APS,marginal,0.9,group
INIAP-20,437,0.9107551487414188,0.9702517162471396,0.897025171624714,iniap_rice,R4_hybrid_log_area,rbf_svm,temperature_scaled,APS,marginal,0.9,group
INIAP-11,601,0.8968386023294509,0.8968386023294509,0.8968386023294509,iniap_rice,R4_hybrid_log_area,rbf_svm,temperature_scaled,APS,marginal,0.9,row
INIAP-12,802,0.9014962593516208,0.9389027431421446,0.8815461346633416,iniap_rice,R4_hybrid_log_area,rbf_svm,temperature_scaled,APS,marginal,0.9,row
INIAP-20,437,0.9107551487414188,0.9702517162471396,0.897025171624714,iniap_rice,R4_hybrid_log_area,rbf_svm,temperature_scaled,APS,marginal,0.9,row
INIAP-11,601,0.8885191347753744,0.8885191347753744,0.8885191347753744,iniap_rice,R4_hybrid_log_area,rbf_svm,temperature_scaled,APS,mondrian,0.9,group
INIAP-12,802,0.899002493765586,0.9364089775561096,0.8790523690773068,iniap_rice,R4_hybrid_log_area,rbf_svm,temperature_scaled,APS,mondrian,0.9,group
INIAP-20,437,0.9176201372997712,0.977116704805492,0.9038901601830664,iniap_rice,R4_hybrid_log_area,rbf_svm,temperature_scaled,APS,mondrian,0.9,group
INIAP-11,601,0.8885191347753744,0.8885191347753744,0.8885191347753744,iniap_rice,R4_hybrid_log_area,rbf_svm,temperature_scaled,APS,mondrian,0.9,row
INIAP-12,802,0.899002493765586,0.9364089775561096,0.8790523690773068,iniap_rice,R4_hybrid_log_area,rbf_svm,temperature_scaled,APS,mondrian,0.9,row
INIAP-20,437,0.9176201372997712,0.977116704805492,0.9038901601830664,iniap_rice,R4_hybrid_log_area,rbf_svm,temperature_scaled,APS,mondrian,0.9,row
INIAP-11,601,0.9434276206322796,0.9434276206322796,0.9434276206322796,iniap_rice,R4_hybrid_log_area,rbf_svm,temperature_scaled,APS,marginal,0.95,group
INIAP-12,802,0.9526184538653366,1.0037406483790523,0.9089775561097256,iniap_rice,R4_hybrid_log_area,rbf_svm,temperature_scaled,APS,marginal,0.95,group
INIAP-20,437,0.9519450800915332,1.045766590389016,0.88558352402746,iniap_rice,R4_hybrid_log_area,rbf_svm,temperature_scaled,APS,marginal,0.95,group
INIAP-11,601,0.9434276206322796,0.9434276206322796,0.9434276206322796,iniap_rice,R4_hybrid_log_area,rbf_svm,temperature_scaled,APS,marginal,0.95,row
INIAP-12,802,0.9526184538653366,1.0037406483790523,0.9089775561097256,iniap_rice,R4_hybrid_log_area,rbf_svm,temperature_scaled,APS,marginal,0.95,row
INIAP-20,437,0.9519450800915332,1.045766590389016,0.88558352402746,iniap_rice,R4_hybrid_log_area,rbf_svm,temperature_scaled,APS,marginal,0.95,row
INIAP-11,601,0.9434276206322796,0.9434276206322796,0.9434276206322796,iniap_rice,R4_hybrid_log_area,rbf_svm,temperature_scaled,APS,mondrian,0.95,group
INIAP-12,802,0.9513715710723192,1.0112219451371571,0.899002493765586,iniap_rice,R4_hybrid_log_area,rbf_svm,temperature_scaled,APS,mondrian,0.95,group
INIAP-20,437,0.9588100686498856,1.0526315789473684,0.8924485125858124,iniap_rice,R4_hybrid_log_area,rbf_svm,temperature_scaled,APS,mondrian,0.95,group
INIAP-11,601,0.9434276206322796,0.9434276206322796,0.9434276206322796,iniap_rice,R4_hybrid_log_area,rbf_svm,temperature_scaled,APS,mondrian,0.95,row
INIAP-12,802,0.9513715710723192,1.0112219451371571,0.899002493765586,iniap_rice,R4_hybrid_log_area,rbf_svm,temperature_scaled,APS,mondrian,0.95,row
INIAP-20,437,0.9588100686498856,1.0526315789473684,0.8924485125858124,iniap_rice,R4_hybrid_log_area,rbf_svm,temperature_scaled,APS,mondrian,0.95,row
INIAP-11,601,0.8968386023294509,0.8968386023294509,0.8968386023294509,iniap_rice,R4_hybrid_log_area,rbf_svm,temperature_scaled,RAPS,marginal,0.9,group
INIAP-12,802,0.9002493765586035,0.9351620947630924,0.885286783042394,iniap_rice,R4_hybrid_log_area,rbf_svm,temperature_scaled,RAPS,marginal,0.9,group
INIAP-20,437,0.908466819221968,0.9679633867276888,0.8993135011441648,iniap_rice,R4_hybrid_log_area,rbf_svm,temperature_scaled,RAPS,marginal,0.9,group
INIAP-11,601,0.8968386023294509,0.8968386023294509,0.8968386023294509,iniap_rice,R4_hybrid_log_area,rbf_svm,temperature_scaled,RAPS,marginal,0.9,row
INIAP-12,802,0.9002493765586035,0.9351620947630924,0.885286783042394,iniap_rice,R4_hybrid_log_area,rbf_svm,temperature_scaled,RAPS,marginal,0.9,row
INIAP-20,437,0.908466819221968,0.9679633867276888,0.8993135011441648,iniap_rice,R4_hybrid_log_area,rbf_svm,temperature_scaled,RAPS,marginal,0.9,row
INIAP-11,601,0.8885191347753744,0.8885191347753744,0.8885191347753744,iniap_rice,R4_hybrid_log_area,rbf_svm,temperature_scaled,RAPS,mondrian,0.9,group
INIAP-12,802,0.8977556109725686,0.9351620947630924,0.8802992518703242,iniap_rice,R4_hybrid_log_area,rbf_svm,temperature_scaled,RAPS,mondrian,0.9,group
INIAP-20,437,0.919908466819222,0.9794050343249427,0.9061784897025172,iniap_rice,R4_hybrid_log_area,rbf_svm,temperature_scaled,RAPS,mondrian,0.9,group
INIAP-11,601,0.8885191347753744,0.8885191347753744,0.8885191347753744,iniap_rice,R4_hybrid_log_area,rbf_svm,temperature_scaled,RAPS,mondrian,0.9,row
INIAP-12,802,0.8977556109725686,0.9351620947630924,0.8802992518703242,iniap_rice,R4_hybrid_log_area,rbf_svm,temperature_scaled,RAPS,mondrian,0.9,row
INIAP-20,437,0.919908466819222,0.9794050343249427,0.9061784897025172,iniap_rice,R4_hybrid_log_area,rbf_svm,temperature_scaled,RAPS,mondrian,0.9,row
INIAP-11,601,0.9434276206322796,0.9434276206322796,0.9434276206322796,iniap_rice,R4_hybrid_log_area,rbf_svm,temperature_scaled,RAPS,marginal,0.95,group
INIAP-12,802,0.9501246882793016,0.9937655860349128,0.9189526184538652,iniap_rice,R4_hybrid_log_area,rbf_svm,temperature_scaled,RAPS,marginal,0.95,group
INIAP-20,437,0.9473684210526316,1.032036613272311,0.8993135011441648,iniap_rice,R4_hybrid_log_area,rbf_svm,temperature_scaled,RAPS,marginal,0.95,group
INIAP-11,601,0.9434276206322796,0.9434276206322796,0.9434276206322796,iniap_rice,R4_hybrid_log_area,rbf_svm,temperature_scaled,RAPS,marginal,0.95,row
INIAP-12,802,0.9501246882793016,0.9937655860349128,0.9189526184538652,iniap_rice,R4_hybrid_log_area,rbf_svm,temperature_scaled,RAPS,marginal,0.95,row
INIAP-20,437,0.9473684210526316,1.032036613272311,0.8993135011441648,iniap_rice,R4_hybrid_log_area,rbf_svm,temperature_scaled,RAPS,marginal,0.95,row
INIAP-11,601,0.9434276206322796,0.9434276206322796,0.9434276206322796,iniap_rice,R4_hybrid_log_area,rbf_svm,temperature_scaled,RAPS,mondrian,0.95,group
INIAP-12,802,0.9501246882793016,1.0012468827930174,0.9114713216957606,iniap_rice,R4_hybrid_log_area,rbf_svm,temperature_scaled,RAPS,mondrian,0.95,group
INIAP-20,437,0.9588100686498856,1.0434782608695652,0.9016018306636157,iniap_rice,R4_hybrid_log_area,rbf_svm,temperature_scaled,RAPS,mondrian,0.95,group
INIAP-11,601,0.9434276206322796,0.9434276206322796,0.9434276206322796,iniap_rice,R4_hybrid_log_area,rbf_svm,temperature_scaled,RAPS,mondrian,0.95,row
INIAP-12,802,0.9501246882793016,1.0012468827930174,0.9114713216957606,iniap_rice,R4_hybrid_log_area,rbf_svm,temperature_scaled,RAPS,mondrian,0.95,row
INIAP-20,437,0.9588100686498856,1.0434782608695652,0.9016018306636157,iniap_rice,R4_hybrid_log_area,rbf_svm,temperature_scaled,RAPS,mondrian,0.95,row
