comparison,dataset_id,probability_status,calibration_mode,nominal_coverage,metric,delta,ci_low,ci_high,bootstrap_p_raw,bootstrap_p_holm,reject_holm_0_05
APS_minus_LAC,dry_bean,native,marginal,0.9,coverage,0.0107050572166851,-0.0040605389442598,0.0247323735695829,0.1699150424787606,1.0,False
RAPS_minus_APS,dry_bean,native,marginal,0.9,coverage,0.0029531192321889,0.0007382798080471,0.0055370985603544,0.0179910044977511,0.7556221889055472,False
APS_minus_LAC,dry_bean,native,marginal,0.9,mean_set_size,0.1469176818014026,0.1218161683277962,0.1716500553709855,0.000999500249875,0.063968015992004,False
RAPS_minus_APS,dry_bean,native,marginal,0.9,mean_set_size,-0.0051679586563306,-0.0092284976005907,-0.0011074197120708,0.0189905047476261,0.7786106946526737,False
APS_minus_LAC,dry_bean,native,marginal,0.9,singleton_rate,-0.132890365448505,-0.1461794019933555,-0.1196013289036544,0.000999500249875,0.063968015992004,False
RAPS_minus_APS,dry_bean,native,marginal,0.9,singleton_rate,0.0077519379844961,0.0047988187523071,0.0110741971207087,0.000999500249875,0.063968015992004,False
APS_minus_LAC,dry_bean,native,marginal,0.9,minimum_class_coverage,0.0758267910386519,0.0057843660209386,0.1079410236069698,0.0349825087456271,1.0,False
RAPS_minus_APS,dry_bean,native,marginal,0.9,minimum_class_coverage,0.0,0.0,0.0355639018197206,1.0,1.0,False
APS_minus_LAC,dry_bean,native,marginal,0.95,coverage,-0.0003691399040236,-0.0084902177925433,0.0081210778885197,0.9345327336331836,1.0,False
RAPS_minus_APS,dry_bean,native,marginal,0.95,coverage,-0.0025839793281653,-0.0051679586563307,0.0,0.063968015992004,1.0,False
APS_minus_LAC,dry_bean,native,marginal,0.95,mean_set_size,0.1443337024732374,0.1251384274640088,0.1638981173864895,0.000999500249875,0.063968015992004,False
RAPS_minus_APS,dry_bean,native,marginal,0.95,mean_set_size,-0.031376891842008,-0.0380214101144333,-0.0243632336655592,0.000999500249875,0.063968015992004,False
APS_minus_LAC,dry_bean,native,marginal,0.95,singleton_rate,-0.1450719822812846,-0.1579918789221114,-0.1317737172388335,0.000999500249875,0.063968015992004,False
RAPS_minus_APS,dry_bean,native,marginal,0.95,singleton_rate,0.0162421557770394,0.0114433370247324,0.0210409745293466,0.000999500249875,0.063968015992004,False
APS_minus_LAC,dry_bean,native,marginal,0.95,minimum_class_coverage,0.0285171102661596,-0.0089838216655483,0.044027135705884,0.1499250374812593,1.0,False
RAPS_minus_APS,dry_bean,native,marginal,0.95,minimum_class_coverage,-0.0056076811554558,-0.0179856115107913,0.017280293412329,0.6636681659170415,1.0,False
APS_minus_LAC,dry_bean,native,mondrian,0.9,coverage,0.0077519379844961,-0.0059062384643779,0.0214101144333701,0.2868565717141429,1.0,False
RAPS_minus_APS,dry_bean,native,mondrian,0.9,coverage,0.0011074197120708,-0.0011074197120709,0.0036913990402361,0.4347826086956521,1.0,False
APS_minus_LAC,dry_bean,native,mondrian,0.9,mean_set_size,0.1336286452565522,0.1107419712070875,0.1572628276116648,0.000999500249875,0.063968015992004,False
RAPS_minus_APS,dry_bean,native,mondrian,0.9,mean_set_size,-0.0088593576965669,-0.0132890365448505,-0.0044296788482836,0.000999500249875,0.063968015992004,False
APS_minus_LAC,dry_bean,native,mondrian,0.9,singleton_rate,-0.1546696197858988,-0.1687061646363972,-0.1402731635289775,0.000999500249875,0.063968015992004,False
RAPS_minus_APS,dry_bean,native,mondrian,0.9,singleton_rate,0.0092284976005906,0.0059062384643779,0.0129198966408269,0.000999500249875,0.063968015992004,False
APS_minus_LAC,dry_bean,native,mondrian,0.9,minimum_class_coverage,0.0319509098603471,-0.0171109876987173,0.0918139118765377,0.2658670664667666,1.0,False
RAPS_minus_APS,dry_bean,native,mondrian,0.9,minimum_class_coverage,0.0,-0.0071942446043166,0.0095113955804714,1.0,1.0,False
APS_minus_LAC,dry_bean,native,mondrian,0.95,coverage,0.0011074197120708,-0.0073827980804724,0.0095976375046141,0.8575712143928036,1.0,False
RAPS_minus_APS,dry_bean,native,mondrian,0.95,coverage,0.0007382798080473,-0.0018456995201181,0.0033222591362126,0.6776611694152923,1.0,False
APS_minus_LAC,dry_bean,native,mondrian,0.95,mean_set_size,0.1498708010335918,0.1306755260243632,0.1698043558508675,0.000999500249875,0.063968015992004,False
RAPS_minus_APS,dry_bean,native,mondrian,0.95,mean_set_size,-0.0199335548172758,-0.0262089331856774,-0.0136581764488741,0.000999500249875,0.063968015992004,False
APS_minus_LAC,dry_bean,native,mondrian,0.95,singleton_rate,-0.1421188630490956,-0.1557770394979697,-0.1277224067921742,0.000999500249875,0.063968015992004,False
RAPS_minus_APS,dry_bean,native,mondrian,0.95,singleton_rate,0.0084902177925434,0.0051679586563307,0.011812476928756,0.000999500249875,0.063968015992004,False
APS_minus_LAC,dry_bean,native,mondrian,0.95,minimum_class_coverage,0.0401520955705002,-0.0035272478403683,0.0983213837544929,0.0849575212393803,1.0,False
RAPS_minus_APS,dry_bean,native,mondrian,0.95,minimum_class_coverage,0.0003331632812418,-0.0179856115107913,0.0072358900144717,1.0,1.0,False
APS_minus_LAC,dry_bean,temperature_scaled,marginal,0.9,coverage,0.0103359173126615,-0.0040605389442598,0.0243632336655592,0.1879060469765117,1.0,False
RAPS_minus_APS,dry_bean,temperature_scaled,marginal,0.9,coverage,0.0025839793281653,0.0003691399040236,0.0051679586563306,0.0339830084957521,1.0,False
APS_minus_LAC,dry_bean,temperature_scaled,marginal,0.9,mean_set_size,0.14359542266519,0.1188630490956073,0.1683277962347729,0.000999500249875,0.063968015992004,False
RAPS_minus_APS,dry_bean,temperature_scaled,marginal,0.9,mean_set_size,-0.0047988187523071,-0.0088593576965669,-0.0007382798080473,0.0249875062468765,0.974512743628186,False
APS_minus_LAC,dry_bean,temperature_scaled,marginal,0.9,singleton_rate,-0.1325212255444814,-0.1458102620893319,-0.1192321889996309,0.000999500249875,0.063968015992004,False
RAPS_minus_APS,dry_bean,temperature_scaled,marginal,0.9,singleton_rate,0.0073827980804724,0.0044296788482834,0.0107050572166851,0.000999500249875,0.063968015992004,False
APS_minus_LAC,dry_bean,temperature_scaled,marginal,0.9,minimum_class_coverage,0.0739256503542413,0.0104624754680711,0.1079442085571863,0.0229885057471264,0.7816091954022988,False
RAPS_minus_APS,dry_bean,temperature_scaled,marginal,0.9,minimum_class_coverage,0.0,-0.0019011406844106,0.0196078431372549,1.0,1.0,False
APS_minus_LAC,dry_bean,temperature_scaled,marginal,0.95,coverage,-0.0014765596160944,-0.0095976375046142,0.0070136581764489,0.7296351824087957,1.0,False
RAPS_minus_APS,dry_bean,temperature_scaled,marginal,0.95,coverage,-0.0014765596160944,-0.0044296788482834,0.0014765596160944,0.4127936031984008,1.0,False
APS_minus_LAC,dry_bean,temperature_scaled,marginal,0.95,mean_set_size,0.1362126245847175,0.1170173495754891,0.1557770394979698,0.000999500249875,0.063968015992004,False
RAPS_minus_APS,dry_bean,temperature_scaled,marginal,0.95,mean_set_size,-0.028423772609819,-0.0350682908822443,-0.0214101144333702,0.000999500249875,0.063968015992004,False
APS_minus_LAC,dry_bean,temperature_scaled,marginal,0.95,singleton_rate,-0.1402731635289774,-0.1528239202657807,-0.1269841269841269,0.000999500249875,0.063968015992004,False
RAPS_minus_APS,dry_bean,temperature_scaled,marginal,0.95,singleton_rate,0.0166112956810631,0.0121816168327796,0.0214101144333702,0.000999500249875,0.063968015992004,False
APS_minus_LAC,dry_bean,temperature_scaled,marginal,0.95,minimum_class_coverage,0.0247148288973384,-0.0181913069410273,0.0399239543726236,0.2498750624687656,1.0,False
RAPS_minus_APS,dry_bean,temperature_scaled,marginal,0.95,minimum_class_coverage,-0.0019011406844107,-0.014388489208633,0.0343005339204972,1.0,1.0,False
APS_minus_LAC,dry_bean,temperature_scaled,mondrian,0.9,coverage,0.0073827980804724,-0.0062753783684015,0.0206718346253229,0.3138430784607696,1.0,False
RAPS_minus_APS,dry_bean,temperature_scaled,mondrian,0.9,coverage,0.0011074197120709,-0.0011074197120708,0.0033222591362126,0.4427786106946527,1.0,False
APS_minus_LAC,dry_bean,temperature_scaled,mondrian,0.9,mean_set_size,0.1299372462163159,0.1074104835732742,0.1535714285714285,0.000999500249875,0.063968015992004,False
RAPS_minus_APS,dry_bean,temperature_scaled,mondrian,0.9,mean_set_size,-0.0077519379844961,-0.0121816168327795,-0.003691399040236,0.000999500249875,0.063968015992004,False
APS_minus_LAC,dry_bean,temperature_scaled,mondrian,0.9,singleton_rate,-0.1528239202657807,-0.167220376522702,-0.1384274640088594,0.000999500249875,0.063968015992004,False
RAPS_minus_APS,dry_bean,temperature_scaled,mondrian,0.9,singleton_rate,0.0092284976005906,0.0059062384643779,0.0129198966408268,0.000999500249875,0.063968015992004,False
APS_minus_LAC,dry_bean,temperature_scaled,mondrian,0.9,minimum_class_coverage,0.0310892417803623,-0.0171497100438317,0.0907974059188893,0.2818590704647676,1.0,False
RAPS_minus_APS,dry_bean,temperature_scaled,mondrian,0.9,minimum_class_coverage,0.0008616680799847,-0.0071942446043166,0.0107913669064747,1.0,1.0,False
APS_minus_LAC,dry_bean,temperature_scaled,mondrian,0.95,coverage,0.0018456995201181,-0.0066445182724252,0.0099667774086379,0.7176411794102948,1.0,False
RAPS_minus_APS,dry_bean,temperature_scaled,mondrian,0.95,coverage,0.0,-0.0025839793281653,0.0025839793281653,1.0,1.0,False
APS_minus_LAC,dry_bean,temperature_scaled,mondrian,0.95,mean_set_size,0.148763381321521,0.1299372462163159,0.1686969361387964,0.000999500249875,0.063968015992004,False
RAPS_minus_APS,dry_bean,temperature_scaled,mondrian,0.95,mean_set_size,-0.0225175341454411,-0.0287929125138428,-0.0162421557770395,0.000999500249875,0.063968015992004,False
APS_minus_LAC,dry_bean,temperature_scaled,mondrian,0.95,singleton_rate,-0.1402731635289775,-0.1535622000738279,-0.1262458471760797,0.000999500249875,0.063968015992004,False
RAPS_minus_APS,dry_bean,temperature_scaled,mondrian,0.95,singleton_rate,0.0092284976005906,0.0059062384643779,0.0129198966408269,0.000999500249875,0.063968015992004,False
APS_minus_LAC,dry_bean,temperature_scaled,mondrian,0.95,minimum_class_coverage,0.0415992735733946,-0.0028648484314901,0.0983376999770744,0.0819590204897551,1.0,False
RAPS_minus_APS,dry_bean,temperature_scaled,mondrian,0.95,minimum_class_coverage,-0.0011140147216525,-0.0179856115107913,0.0072358900144717,1.0,1.0,False
APS_minus_LAC,iniap_rice,native,marginal,0.9,coverage,0.0043478260869566,-0.0146739130434783,0.0228260869565216,0.6746626686656672,1.0,False
RAPS_minus_APS,iniap_rice,native,marginal,0.9,coverage,0.001086956521739,0.0,0.0027173913043478,0.2638680659670165,1.0,False
APS_minus_LAC,iniap_rice,native,marginal,0.9,mean_set_size,0.033695652173913,0.0119565217391305,0.0554347826086956,0.0049975012493753,0.1749125437281359,False
RAPS_minus_APS,iniap_rice,native,marginal,0.9,mean_set_size,0.0010869565217391,0.0,0.0027173913043478,0.2638680659670165,1.0,False
APS_minus_LAC,iniap_rice,native,marginal,0.9,singleton_rate,-0.0086956521739131,-0.0271739130434782,0.0092391304347826,0.3548225887056472,1.0,False
RAPS_minus_APS,iniap_rice,native,marginal,0.9,singleton_rate,0.0010869565217391,0.0,0.0027173913043478,0.2638680659670165,1.0,False
APS_minus_LAC,iniap_rice,native,marginal,0.9,minimum_class_coverage,0.1161032147031835,0.0680520071429387,0.1533371154863937,0.000999500249875,0.063968015992004,False
RAPS_minus_APS,iniap_rice,native,marginal,0.9,minimum_class_coverage,0.0,0.0,0.0068649885583523,1.0,1.0,False
APS_minus_LAC,iniap_rice,native,marginal,0.95,coverage,0.0054347826086955,-0.0086956521739131,0.0190217391304347,0.4657671164417791,1.0,False
RAPS_minus_APS,iniap_rice,native,marginal,0.95,coverage,-0.0016304347826086,-0.0038043478260869,0.0,0.0929535232383808,1.0,False
APS_minus_LAC,iniap_rice,native,marginal,0.95,mean_set_size,0.0516304347826086,0.031508152173913,0.072282608695652,0.000999500249875,0.063968015992004,False
RAPS_minus_APS,iniap_rice,native,marginal,0.95,mean_set_size,-0.0070652173913042,-0.0114130434782608,-0.0032608695652174,0.000999500249875,0.063968015992004,False
APS_minus_LAC,iniap_rice,native,marginal,0.95,singleton_rate,-0.0374999999999999,-0.0499999999999999,-0.0260869565217392,0.000999500249875,0.063968015992004,False
RAPS_minus_APS,iniap_rice,native,marginal,0.95,singleton_rate,0.0070652173913042,0.0032608695652174,0.0114130434782608,0.000999500249875,0.063968015992004,False
APS_minus_LAC,iniap_rice,native,marginal,0.95,minimum_class_coverage,0.0549313310767333,0.0181571203161732,0.0830166591976597,0.0019990004997501,0.0759620189905047,False
RAPS_minus_APS,iniap_rice,native,marginal,0.95,minimum_class_coverage,0.0,-0.0068649885583523,0.0,1.0,1.0,False
APS_minus_LAC,iniap_rice,native,mondrian,0.9,coverage,-0.004891304347826,-0.0239130434782608,0.0124999999999999,0.6036981509245377,1.0,False
RAPS_minus_APS,iniap_rice,native,mondrian,0.9,coverage,0.0005434782608695,0.0,0.0016304347826087,0.7646176911544228,1.0,False
APS_minus_LAC,iniap_rice,native,mondrian,0.9,mean_set_size,0.0244565217391304,0.0027173913043478,0.0451086956521739,0.032983508245877,1.0,False
RAPS_minus_APS,iniap_rice,native,mondrian,0.9,mean_set_size,0.0,-0.0016304347826087,0.0016304347826087,1.0,1.0,False
APS_minus_LAC,iniap_rice,native,mondrian,0.9,singleton_rate,-0.0190217391304348,-0.0374999999999999,-0.0010869565217391,0.0349825087456271,1.0,False
RAPS_minus_APS,iniap_rice,native,mondrian,0.9,singleton_rate,0.0010869565217391,0.0,0.0027173913043478,0.2978510744627686,1.0,False
APS_minus_LAC,iniap_rice,native,mondrian,0.9,minimum_class_coverage,-0.0016410482909872,-0.0303590845550105,0.030603603299803,0.974512743628186,1.0,False
RAPS_minus_APS,iniap_rice,native,mondrian,0.9,minimum_class_coverage,0.0,0.0,0.0024937655860349,1.0,1.0,False
APS_minus_LAC,iniap_rice,native,mondrian,0.95,coverage,0.0027173913043477,-0.0114130434782607,0.0157608695652173,0.7426286856571714,1.0,False
RAPS_minus_APS,iniap_rice,native,mondrian,0.95,coverage,-0.0021739130434782,-0.0043478260869566,-0.0005434782608695,0.0339830084957521,1.0,False
APS_minus_LAC,iniap_rice,native,mondrian,0.95,mean_set_size,0.045108695652174,0.0266168478260869,0.0636005434782608,0.000999500249875,0.063968015992004,False
RAPS_minus_APS,iniap_rice,native,mondrian,0.95,mean_set_size,-0.0065217391304348,-0.0103260869565218,-0.0032608695652173,0.000999500249875,0.063968015992004,False
APS_minus_LAC,iniap_rice,native,mondrian,0.95,singleton_rate,-0.0505434782608695,-0.0646739130434782,-0.0380434782608695,0.000999500249875,0.063968015992004,False
RAPS_minus_APS,iniap_rice,native,mondrian,0.95,singleton_rate,0.0065217391304348,0.0032608695652174,0.0103260869565218,0.000999500249875,0.063968015992004,False
APS_minus_LAC,iniap_rice,native,mondrian,0.95,minimum_class_coverage,0.0143658357352544,-0.0147542044723325,0.0412109679900393,0.3738130934532733,1.0,False
RAPS_minus_APS,iniap_rice,native,mondrian,0.95,minimum_class_coverage,0.0,-0.006185866448687,0.0,1.0,1.0,False
APS_minus_LAC,iniap_rice,temperature_scaled,marginal,0.9,coverage,0.0070652173913043,-0.0119565217391304,0.0250135869565216,0.4907546226886556,1.0,False
RAPS_minus_APS,iniap_rice,temperature_scaled,marginal,0.9,coverage,-0.0010869565217391,-0.0027173913043478,0.0,0.2908545727136432,1.0,False
APS_minus_LAC,iniap_rice,temperature_scaled,marginal,0.9,mean_set_size,0.0364130434782608,0.0152173913043477,0.0576086956521738,0.0019990004997501,0.0759620189905047,False
RAPS_minus_APS,iniap_rice,temperature_scaled,marginal,0.9,mean_set_size,-0.0021739130434782,-0.0043478260869566,-0.0005434782608695,0.032983508245877,1.0,False
APS_minus_LAC,iniap_rice,temperature_scaled,marginal,0.9,singleton_rate,-0.0059782608695652,-0.0239266304347826,0.0124999999999999,0.526736631684158,1.0,False
RAPS_minus_APS,iniap_rice,temperature_scaled,marginal,0.9,singleton_rate,0.0021739130434782,0.0005434782608695,0.0043478260869564,0.032983508245877,1.0,False
APS_minus_LAC,iniap_rice,temperature_scaled,marginal,0.9,minimum_class_coverage,0.1210948952356294,0.0715802609685611,0.1562588287255794,0.000999500249875,0.063968015992004,False
RAPS_minus_APS,iniap_rice,temperature_scaled,marginal,0.9,minimum_class_coverage,0.0,-0.0045766590389015,0.0,1.0,1.0,False
APS_minus_LAC,iniap_rice,temperature_scaled,marginal,0.95,coverage,0.004891304347826,-0.0092391304347826,0.0184782608695651,0.511744127936032,1.0,False
RAPS_minus_APS,iniap_rice,temperature_scaled,marginal,0.95,coverage,-0.0021739130434782,-0.004891304347826,-0.0005434782608695,0.0239880059970015,0.95952023988006,False
APS_minus_LAC,iniap_rice,temperature_scaled,marginal,0.95,mean_set_size,0.0467391304347826,0.0260869565217392,0.0668478260869566,0.000999500249875,0.063968015992004,False
RAPS_minus_APS,iniap_rice,temperature_scaled,marginal,0.95,mean_set_size,-0.0076086956521739,-0.0119565217391304,-0.0038043478260869,0.000999500249875,0.063968015992004,False
APS_minus_LAC,iniap_rice,temperature_scaled,marginal,0.95,singleton_rate,-0.0326086956521739,-0.0445652173913043,-0.021195652173913,0.000999500249875,0.063968015992004,False
RAPS_minus_APS,iniap_rice,temperature_scaled,marginal,0.95,singleton_rate,0.0076086956521739,0.0038043478260869,0.0119565217391304,0.000999500249875,0.063968015992004,False
APS_minus_LAC,iniap_rice,temperature_scaled,marginal,0.95,minimum_class_coverage,0.053267437565918,0.0181072164241899,0.0824016608474815,0.0019990004997501,0.0759620189905047,False
RAPS_minus_APS,iniap_rice,temperature_scaled,marginal,0.95,minimum_class_coverage,0.0,-0.0091533180778032,0.0,1.0,1.0,False
APS_minus_LAC,iniap_rice,temperature_scaled,mondrian,0.9,coverage,-0.004891304347826,-0.0239130434782608,0.0124999999999999,0.5987006496751625,1.0,False
RAPS_minus_APS,iniap_rice,temperature_scaled,mondrian,0.9,coverage,0.0,-0.0016304347826087,0.0016304347826087,1.0,1.0,False
APS_minus_LAC,iniap_rice,temperature_scaled,mondrian,0.9,mean_set_size,0.0239130434782608,0.0021739130434782,0.0445652173913043,0.031984007996002,1.0,False
RAPS_minus_APS,iniap_rice,temperature_scaled,mondrian,0.9,mean_set_size,0.0,-0.0016304347826087,0.0016304347826087,1.0,1.0,False
APS_minus_LAC,iniap_rice,temperature_scaled,mondrian,0.9,singleton_rate,-0.0184782608695651,-0.0369565217391304,-0.0010733695652174,0.0439780109945027,1.0,False
RAPS_minus_APS,iniap_rice,temperature_scaled,mondrian,0.9,singleton_rate,0.001086956521739,0.0,0.0027173913043478,0.2628685657171414,1.0,False
APS_minus_LAC,iniap_rice,temperature_scaled,mondrian,0.9,minimum_class_coverage,-0.0016410482909872,-0.0303590845550105,0.0306011719597771,0.9675162418790604,1.0,False
RAPS_minus_APS,iniap_rice,temperature_scaled,mondrian,0.9,minimum_class_coverage,0.0,-0.0032387313745585,0.0,1.0,1.0,False
APS_minus_LAC,iniap_rice,temperature_scaled,mondrian,0.95,coverage,0.0016304347826087,-0.0124999999999999,0.0146739130434782,0.8575712143928036,1.0,False
RAPS_minus_APS,iniap_rice,temperature_scaled,mondrian,0.95,coverage,-0.0005434782608696,-0.0027173913043477,0.0010869565217391,0.8025987006496752,1.0,False
APS_minus_LAC,iniap_rice,temperature_scaled,mondrian,0.95,mean_set_size,0.0413043478260869,0.0228124999999999,0.0597826086956521,0.000999500249875,0.063968015992004,False
RAPS_minus_APS,iniap_rice,temperature_scaled,mondrian,0.95,mean_set_size,-0.0065217391304347,-0.0108695652173912,-0.0027173913043477,0.0019990004997501,0.0859570214892553,False
APS_minus_LAC,iniap_rice,temperature_scaled,mondrian,0.95,singleton_rate,-0.0456521739130434,-0.0587092391304347,-0.0342391304347825,0.000999500249875,0.063968015992004,False
RAPS_minus_APS,iniap_rice,temperature_scaled,mondrian,0.95,singleton_rate,0.0076086956521739,0.0038043478260869,0.0119565217391304,0.000999500249875,0.063968015992004,False
APS_minus_LAC,iniap_rice,temperature_scaled,mondrian,0.95,minimum_class_coverage,0.0143658357352544,-0.0147542044723325,0.0409968892425667,0.3698150924537731,1.0,False
RAPS_minus_APS,iniap_rice,temperature_scaled,mondrian,0.95,minimum_class_coverage,0.0,-0.0037406483790524,0.0012468827930174,1.0,1.0,False
Mondrian_minus_marginal_APS,dry_bean,native,mondrian_vs_marginal,0.9,coverage,0.0025839793281653,-0.0007382798080471,0.0059062384643779,0.1439280359820089,1.0,False
Mondrian_minus_marginal_APS,dry_bean,native,mondrian_vs_marginal,0.9,mean_set_size,0.0066445182724252,0.0014765596160946,0.0118124769287559,0.0109945027486256,0.4067966016991504,False
Mondrian_minus_marginal_APS,dry_bean,native,mondrian_vs_marginal,0.9,singleton_rate,-0.0025839793281653,-0.0070136581764488,0.0018456995201181,0.2778610694652673,1.0,False
Mondrian_minus_marginal_APS,dry_bean,native,mondrian_vs_marginal,0.9,minimum_class_coverage,0.0143884892086331,-0.0014471780028944,0.0490196078431371,0.175912043978011,1.0,False
Mondrian_minus_marginal_APS,dry_bean,native,mondrian_vs_marginal,0.9,class_coverage_range,-0.0126962791438292,-0.0504672228732137,0.0255824926572067,0.5817091454272864,1.0,False
Mondrian_minus_marginal_APS,dry_bean,native,mondrian_vs_marginal,0.95,coverage,-0.0003691399040236,-0.0044296788482834,0.0033222591362126,0.929535232383808,1.0,False
Mondrian_minus_marginal_APS,dry_bean,native,mondrian_vs_marginal,0.95,mean_set_size,0.0103359173126615,0.0025839793281654,0.0184569952011812,0.0129935032483758,0.4677661169415292,False
Mondrian_minus_marginal_APS,dry_bean,native,mondrian_vs_marginal,0.95,singleton_rate,-0.0084902177925434,-0.0155038759689922,-0.0014765596160944,0.0139930034982508,0.4897551224387806,False
Mondrian_minus_marginal_APS,dry_bean,native,mondrian_vs_marginal,0.95,minimum_class_coverage,0.0048505224697771,-0.0118221997908275,0.0323741007194244,0.4137931034482758,1.0,False
Mondrian_minus_marginal_APS,dry_bean,native,mondrian_vs_marginal,0.95,class_coverage_range,0.0065975350140858,-0.0318825684793779,0.0305693052263796,0.9735132433783108,1.0,False
Mondrian_minus_marginal_APS,dry_bean,temperature_scaled,mondrian_vs_marginal,0.9,coverage,0.001845699520118,-0.0014765596160944,0.0051679586563307,0.3068465767116441,1.0,False
Mondrian_minus_marginal_APS,dry_bean,temperature_scaled,mondrian_vs_marginal,0.9,mean_set_size,0.0047988187523071,-0.0003691399040235,0.0099667774086378,0.0699650174912543,1.0,False
Mondrian_minus_marginal_APS,dry_bean,temperature_scaled,mondrian_vs_marginal,0.9,singleton_rate,-0.0025839793281653,-0.0070136581764488,0.0018456995201181,0.2978510744627686,1.0,False
Mondrian_minus_marginal_APS,dry_bean,temperature_scaled,mondrian_vs_marginal,0.9,minimum_class_coverage,0.0135268211286483,-0.0034709535988307,0.0323741007194244,0.4657671164417791,1.0,False
Mondrian_minus_marginal_APS,dry_bean,temperature_scaled,mondrian_vs_marginal,0.9,class_coverage_range,-0.0093283453996839,-0.0389954980230571,0.0240356855910959,0.6806596701649176,1.0,False
Mondrian_minus_marginal_APS,dry_bean,temperature_scaled,mondrian_vs_marginal,0.95,coverage,0.0014765596160944,-0.0025839793281653,0.0055370985603543,0.5347326336831584,1.0,False
Mondrian_minus_marginal_APS,dry_bean,temperature_scaled,mondrian_vs_marginal,0.95,mean_set_size,0.0162421557770395,0.0084902177925434,0.0243632336655592,0.000999500249875,0.0399800099950024,True
Mondrian_minus_marginal_APS,dry_bean,temperature_scaled,mondrian_vs_marginal,0.95,singleton_rate,-0.0103359173126615,-0.0177187153931339,-0.0033222591362126,0.0039980009995002,0.1559220389805097,False
Mondrian_minus_marginal_APS,dry_bean,temperature_scaled,mondrian_vs_marginal,0.95,minimum_class_coverage,0.0100999818414927,-0.0071721262798971,0.0430494269775291,0.2468765617191404,1.0,False
Mondrian_minus_marginal_APS,dry_bean,temperature_scaled,mondrian_vs_marginal,0.95,class_coverage_range,0.0013480756423702,-0.0433706836774063,0.0289514806296874,0.8925537231384307,1.0,False
Mondrian_minus_marginal_APS,iniap_rice,native,mondrian_vs_marginal,0.9,coverage,0.0005434782608695,-0.0021739130434782,0.0032608695652174,0.8535732133933034,1.0,False
Mondrian_minus_marginal_APS,iniap_rice,native,mondrian_vs_marginal,0.9,mean_set_size,0.0010869565217391,-0.0016304347826087,0.0043478260869564,0.5997001499250375,1.0,False
Mondrian_minus_marginal_APS,iniap_rice,native,mondrian_vs_marginal,0.9,singleton_rate,0.0,-0.0027173913043478,0.0032608695652173,1.0,1.0,False
Mondrian_minus_marginal_APS,iniap_rice,native,mondrian_vs_marginal,0.9,minimum_class_coverage,-0.0033277870216306,-0.0083194675540765,0.0081352258648299,0.5297351324337831,1.0,False
Mondrian_minus_marginal_APS,iniap_rice,native,mondrian_vs_marginal,0.9,class_coverage_range,0.0124811050994338,-0.009156690501308,0.0214274944803299,0.2468765617191404,1.0,False
Mondrian_minus_marginal_APS,iniap_rice,native,mondrian_vs_marginal,0.95,coverage,0.0016304347826087,-0.0016304347826087,0.0054347826086955,0.464767616191904,1.0,False
Mondrian_minus_marginal_APS,iniap_rice,native,mondrian_vs_marginal,0.95,mean_set_size,0.003804347826087,-0.001086956521739,0.0092391304347825,0.15992003998001,1.0,False
Mondrian_minus_marginal_APS,iniap_rice,native,mondrian_vs_marginal,0.95,singleton_rate,-0.0027173913043478,-0.0076086956521739,0.0016304347826087,0.3088455772113943,1.0,False
Mondrian_minus_marginal_APS,iniap_rice,native,mondrian_vs_marginal,0.95,minimum_class_coverage,-0.0016638935108153,-0.0066555740432612,0.0158211986064568,0.879560219890055,1.0,False
Mondrian_minus_marginal_APS,iniap_rice,native,mondrian_vs_marginal,0.95,class_coverage_range,0.0134736140606991,-0.0170652082997424,0.0245504092071667,0.4077961019490255,1.0,False
Mondrian_minus_marginal_APS,iniap_rice,temperature_scaled,mondrian_vs_marginal,0.9,coverage,-0.0021739130434782,-0.0054347826086956,0.001086956521739,0.2488755622188905,1.0,False
Mondrian_minus_marginal_APS,iniap_rice,temperature_scaled,mondrian_vs_marginal,0.9,mean_set_size,-0.0021739130434782,-0.0054347826086956,0.0010869565217391,0.2488755622188905,1.0,False
Mondrian_minus_marginal_APS,iniap_rice,temperature_scaled,mondrian_vs_marginal,0.9,singleton_rate,-0.0021739130434782,-0.0054347826086956,0.0010869565217391,0.2488755622188905,1.0,False
Mondrian_minus_marginal_APS,iniap_rice,temperature_scaled,mondrian_vs_marginal,0.9,minimum_class_coverage,-0.0083194675540765,-0.0149750415973377,0.005021840068136,0.2108945527236382,1.0,False
Mondrian_minus_marginal_APS,iniap_rice,temperature_scaled,mondrian_vs_marginal,0.9,class_coverage_range,0.015184456112429,-0.0104002051436175,0.0235872178032589,0.2388805597201399,1.0,False
Mondrian_minus_marginal_APS,iniap_rice,temperature_scaled,mondrian_vs_marginal,0.95,coverage,0.0010869565217391,-0.0010869565217391,0.0032608695652174,0.4917541229385307,1.0,False
Mondrian_minus_marginal_APS,iniap_rice,temperature_scaled,mondrian_vs_marginal,0.95,mean_set_size,0.004891304347826,0.0016304347826087,0.0086956521739129,0.0039980009995002,0.1559220389805097,False
Mondrian_minus_marginal_APS,iniap_rice,temperature_scaled,mondrian_vs_marginal,0.95,singleton_rate,-0.0027173913043477,-0.0065217391304347,0.0005434782608696,0.1339330334832583,1.0,False
Mondrian_minus_marginal_APS,iniap_rice,temperature_scaled,mondrian_vs_marginal,0.95,minimum_class_coverage,0.0,-0.0028570420869622,0.0091533180778032,1.0,1.0,False
Mondrian_minus_marginal_APS,iniap_rice,temperature_scaled,mondrian_vs_marginal,0.95,class_coverage_range,0.0061916147845489,-0.0104005361666749,0.0126885303902714,0.7546226886556722,1.0,False
