dataset_id,representation,fit_seconds,test_inference_seconds,test_rows,milliseconds_per_test_row
dry_bean,R1_full_native,1.8622026259999984,0.453016252999987,2725,0.1662444965137567
dry_bean,R2_measured_core,3.267573674999994,0.4684671750000007,2725,0.1719145596330277
dry_bean,R3_complete_invariant,5.191469238999957,0.6129726549999077,2725,0.2249440935779477
dry_bean,R3_reduced_current,5.54393509800002,1.0211816070000168,2725,0.3747455438532172
dry_bean,R4_complete_log_area,2.36734711400004,0.2548330810000152,2725,0.0935167269724826
dry_bean,R4_reduced_log_area_current,1.88074701000005,0.2368813790000103,2725,0.0869289464220221
iniap_rice,R1_full_native,0.4189908710000054,0.0389956730000449,1840,0.0211933005435026
iniap_rice,R2_measured_core,0.4237209540000322,0.0392811899999969,1840,0.0213484728260853
iniap_rice,R3_complete_invariant,0.4480181979999997,0.0518673199999284,1840,0.0281887608695263
iniap_rice,R4_complete_log_area,0.4279677800000172,0.0357359120000637,1840,0.0194216913043824
