dataset_id,probability_status,method,calibration_mode,nominal_coverage,evaluation_unit,metric,estimate,ci_low,ci_high,confidence_level,n_bootstrap
dry_bean,native,LAC,marginal,0.9,group,coverage,0.8881506090808416,0.8767072720561092,0.8999630860095976,0.95,2000
dry_bean,native,LAC,marginal,0.9,group,mean_set_size,0.9401993355481728,0.9313399778516056,0.9490586932447398,0.95,2000
dry_bean,native,LAC,marginal,0.9,group,singleton_rate,0.9401993355481728,0.9313399778516056,0.9490586932447398,0.95,2000
dry_bean,native,LAC,marginal,0.9,group,empty_set_rate,0.0598006644518272,0.0509413067552602,0.0686600221483942,0.95,2000
dry_bean,native,LAC,marginal,0.9,group,minimum_class_coverage,0.7946768060836502,0.7604562737642585,0.8307984790874525,0.95,2000
dry_bean,native,LAC,marginal,0.9,group,class_coverage_range,0.1955192723477223,0.1555878625214345,0.2319391634980988,0.95,2000
dry_bean,native,LAC,mondrian,0.9,group,coverage,0.893687707641196,0.8826135105204873,0.9051310446659284,0.95,2000
dry_bean,native,LAC,mondrian,0.9,group,mean_set_size,0.9601328903654484,0.952750092284976,0.967515688445921,0.95,2000
dry_bean,native,LAC,mondrian,0.9,group,singleton_rate,0.9593946105574012,0.9520118124769288,0.9667774086378738,0.95,2000
dry_bean,native,LAC,mondrian,0.9,group,empty_set_rate,0.0402362495385751,0.0332225913621262,0.0472499077150239,0.95,2000
dry_bean,native,LAC,mondrian,0.9,group,minimum_class_coverage,0.8529411764705882,0.7843137254901961,0.8796992481203008,0.95,2000
dry_bean,native,LAC,mondrian,0.9,group,class_coverage_range,0.0805626598465473,0.0511434170007572,0.1571672147119717,0.95,2000
dry_bean,native,LAC,marginal,0.95,group,coverage,0.9534883720930232,0.9457364341085271,0.961609449981543,0.95,2000
dry_bean,native,LAC,marginal,0.95,group,mean_set_size,1.0823181985972683,1.0716131413805832,1.09265411590993,0.95,2000
dry_bean,native,LAC,marginal,0.95,group,singleton_rate,0.9187892211148024,0.9088224437061646,0.929125138427464,0.95,2000
dry_bean,native,LAC,marginal,0.95,group,empty_set_rate,0.0,0.0,0.0,0.95,2000
dry_bean,native,LAC,marginal,0.95,group,minimum_class_coverage,0.908745247148289,0.8840304182509505,0.9280575539568344,0.95,2000
dry_bean,native,LAC,marginal,0.95,group,class_coverage_range,0.091254752851711,0.0719424460431654,0.1159695817490494,0.95,2000
dry_bean,native,LAC,mondrian,0.95,group,coverage,0.9516426725729052,0.9435215946843852,0.9593946105574012,0.95,2000
dry_bean,native,LAC,mondrian,0.95,group,mean_set_size,1.0871170173495754,1.075673680324843,1.0978220745662606,0.95,2000
dry_bean,native,LAC,mondrian,0.95,group,singleton_rate,0.90734588409007,0.896640826873385,0.9180509413067552,0.95,2000
dry_bean,native,LAC,mondrian,0.95,group,empty_set_rate,0.0036913990402362,0.0018456995201181,0.0059062384643779,0.95,2000
dry_bean,native,LAC,mondrian,0.95,group,minimum_class_coverage,0.9019607843137256,0.8431372549019608,0.9363476226111932,0.95,2000
dry_bean,native,LAC,mondrian,0.95,group,class_coverage_range,0.0801364023870417,0.0434782608695651,0.1436487638533674,0.95,2000
dry_bean,native,APS,marginal,0.9,group,coverage,0.8988556662975268,0.8874123292727943,0.9102990033222592,0.95,2000
dry_bean,native,APS,marginal,0.9,group,mean_set_size,1.0871170173495754,1.067921742340347,1.1063215208564046,0.95,2000
dry_bean,native,APS,marginal,0.9,group,singleton_rate,0.8073089700996677,0.7929125138427464,0.8224437061646364,0.95,2000
dry_bean,native,APS,marginal,0.9,group,empty_set_rate,0.0616463639719453,0.0527870062753783,0.0708748615725359,0.95,2000
dry_bean,native,APS,marginal,0.9,group,minimum_class_coverage,0.8705035971223022,0.8137254901960784,0.8878326996197718,0.95,2000
dry_bean,native,APS,marginal,0.9,group,class_coverage_range,0.0450974258956006,0.0337961271465108,0.1157792363113528,0.95,2000
dry_bean,native,APS,mondrian,0.9,group,coverage,0.901439645625692,0.8899963086009598,0.9125138427464008,0.95,2000
dry_bean,native,APS,mondrian,0.9,group,mean_set_size,1.0937615356220007,1.0741971207087486,1.11296603912883,0.95,2000
dry_bean,native,APS,mondrian,0.9,group,singleton_rate,0.8047249907715024,0.7895902547065338,0.819859726836471,0.95,2000
dry_bean,native,APS,mondrian,0.9,group,empty_set_rate,0.0598006644518272,0.0509413067552602,0.0690291620524178,0.95,2000
dry_bean,native,APS,mondrian,0.9,group,minimum_class_coverage,0.8848920863309353,0.841726618705036,0.8954372623574145,0.95,2000
dry_bean,native,APS,mondrian,0.9,group,class_coverage_range,0.0324011467517714,0.0263918711133557,0.0960635204652202,0.95,2000
dry_bean,native,APS,marginal,0.95,group,coverage,0.9531192321889996,0.945358065706903,0.9612403100775194,0.95,2000
dry_bean,native,APS,marginal,0.95,group,mean_set_size,1.2266519010705057,1.2052417866371354,1.2484311554078995,0.95,2000
dry_bean,native,APS,marginal,0.95,group,singleton_rate,0.773717238833518,0.7589516426725729,0.7892211148025101,0.95,2000
dry_bean,native,APS,marginal,0.95,group,empty_set_rate,0.0228866740494647,0.0173495754891103,0.0287929125138427,0.95,2000
dry_bean,native,APS,marginal,0.95,group,minimum_class_coverage,0.9372623574144486,0.9019607843137256,0.9448669201520912,0.95,2000
dry_bean,native,APS,marginal,0.95,group,class_coverage_range,0.0316817419644334,0.024771074738376,0.0763000852514919,0.95,2000
dry_bean,native,APS,mondrian,0.95,group,coverage,0.952750092284976,0.9446290143964564,0.960502030269472,0.95,2000
dry_bean,native,APS,mondrian,0.95,group,mean_set_size,1.2369878183831673,1.2148394241417495,1.259514581026209,0.95,2000
dry_bean,native,APS,mondrian,0.95,group,singleton_rate,0.7652270210409745,0.7504614248800295,0.781469176818014,0.95,2000
dry_bean,native,APS,mondrian,0.95,group,empty_set_rate,0.0236249538575119,0.0177187153931339,0.0295311923218899,0.95,2000
dry_bean,native,APS,mondrian,0.95,group,minimum_class_coverage,0.9421128798842258,0.9197784620741434,0.9493487698986977,0.95,2000
dry_bean,native,APS,mondrian,0.95,group,class_coverage_range,0.0382792769785192,0.0247681509806491,0.0723589001447178,0.95,2000
dry_bean,native,RAPS,marginal,0.9,group,coverage,0.9018087855297158,0.890734588409007,0.9125138427464008,0.95,2000
dry_bean,native,RAPS,marginal,0.9,group,mean_set_size,1.0819490586932448,1.063861203396087,1.0996677740863787,0.95,2000
dry_bean,native,RAPS,marginal,0.9,group,singleton_rate,0.8150609080841639,0.8006644518272426,0.8298265042451088,0.95,2000
dry_bean,native,RAPS,marginal,0.9,group,empty_set_rate,0.0579549649317091,0.0494555186415651,0.0671834625322997,0.95,2000
dry_bean,native,RAPS,marginal,0.9,group,minimum_class_coverage,0.8705035971223022,0.8237410071942446,0.8920863309352518,0.95,2000
dry_bean,native,RAPS,marginal,0.9,group,class_coverage_range,0.0487510612627909,0.034852362903247,0.1112538869160427,0.95,2000
dry_bean,native,RAPS,mondrian,0.9,group,coverage,0.902547065337763,0.8911037283130306,0.9136212624584718,0.95,2000
dry_bean,native,RAPS,mondrian,0.9,group,mean_set_size,1.0849021779254338,1.0664451827242525,1.1033684016242156,0.95,2000
dry_bean,native,RAPS,mondrian,0.9,group,singleton_rate,0.813953488372093,0.7988187523071244,0.828719084533038,0.95,2000
dry_bean,native,RAPS,mondrian,0.9,group,empty_set_rate,0.0572166851236618,0.0487264673311184,0.0664451827242525,0.95,2000
dry_bean,native,RAPS,mondrian,0.9,group,minimum_class_coverage,0.8848920863309353,0.841726618705036,0.89568345323741,0.95,2000
dry_bean,native,RAPS,mondrian,0.9,group,class_coverage_range,0.0324011467517714,0.0263875241739645,0.0952921873027893,0.95,2000
dry_bean,native,RAPS,marginal,0.95,group,coverage,0.9505352528608344,0.9424141749723144,0.958656330749354,0.95,2000
dry_bean,native,RAPS,marginal,0.95,group,mean_set_size,1.1952750092284976,1.176079734219269,1.2148394241417495,0.95,2000
dry_bean,native,RAPS,marginal,0.95,group,singleton_rate,0.7899593946105574,0.7759320782576596,0.805094130675526,0.95,2000
dry_bean,native,RAPS,marginal,0.95,group,empty_set_rate,0.0217792543373938,0.0162421557770394,0.0276854928017718,0.95,2000
dry_bean,native,RAPS,marginal,0.95,group,minimum_class_coverage,0.9316546762589928,0.8992805755395683,0.9424460431654677,0.95,2000
dry_bean,native,RAPS,marginal,0.95,group,class_coverage_range,0.0310782429956656,0.0269277180501503,0.0791395601925973,0.95,2000
dry_bean,native,RAPS,mondrian,0.95,group,coverage,0.9534883720930232,0.9457364341085271,0.9612403100775194,0.95,2000
dry_bean,native,RAPS,mondrian,0.95,group,mean_set_size,1.2170542635658914,1.1971207087486158,1.2373661867847914,0.95,2000
dry_bean,native,RAPS,mondrian,0.95,group,singleton_rate,0.773717238833518,0.7589516426725729,0.7895902547065338,0.95,2000
dry_bean,native,RAPS,mondrian,0.95,group,empty_set_rate,0.0210409745293466,0.0158730158730158,0.0265780730897009,0.95,2000
dry_bean,native,RAPS,mondrian,0.95,group,minimum_class_coverage,0.9424460431654677,0.9106320266980332,0.9486692015209124,0.95,2000
dry_bean,native,RAPS,mondrian,0.95,group,class_coverage_range,0.0379461136972774,0.0245450698264917,0.0775144590210183,0.95,2000
dry_bean,temperature_scaled,LAC,marginal,0.9,group,coverage,0.8888888888888888,0.8774455518641565,0.9007013658176449,0.95,2000
dry_bean,temperature_scaled,LAC,marginal,0.9,group,mean_set_size,0.9416758951642672,0.9324473975636768,0.9501661129568106,0.95,2000
dry_bean,temperature_scaled,LAC,marginal,0.9,group,singleton_rate,0.9416758951642672,0.9324473975636768,0.9501661129568106,0.95,2000
dry_bean,temperature_scaled,LAC,marginal,0.9,group,empty_set_rate,0.0583241048357327,0.0498338870431893,0.0675526024363233,0.95,2000
dry_bean,temperature_scaled,LAC,marginal,0.9,group,minimum_class_coverage,0.7965779467680608,0.7623574144486692,0.8309793609978935,0.95,2000
dry_bean,temperature_scaled,LAC,marginal,0.9,group,class_coverage_range,0.1936181316633117,0.1530977409975397,0.2316409453515246,0.95,2000
dry_bean,temperature_scaled,LAC,mondrian,0.9,group,coverage,0.893687707641196,0.8826135105204873,0.9051310446659284,0.95,2000
dry_bean,temperature_scaled,LAC,mondrian,0.9,group,mean_set_size,0.9601328903654484,0.952750092284976,0.967515688445921,0.95,2000
dry_bean,temperature_scaled,LAC,mondrian,0.9,group,singleton_rate,0.9593946105574012,0.9520118124769288,0.9667774086378738,0.95,2000
dry_bean,temperature_scaled,LAC,mondrian,0.9,group,empty_set_rate,0.0402362495385751,0.0332225913621262,0.0472499077150239,0.95,2000
dry_bean,temperature_scaled,LAC,mondrian,0.9,group,minimum_class_coverage,0.8529411764705882,0.7843137254901961,0.8796992481203008,0.95,2000
dry_bean,temperature_scaled,LAC,mondrian,0.9,group,class_coverage_range,0.0805626598465473,0.0511434170007572,0.1571672147119717,0.95,2000
dry_bean,temperature_scaled,LAC,marginal,0.95,group,coverage,0.9534883720930232,0.9457364341085271,0.961609449981543,0.95,2000
dry_bean,temperature_scaled,LAC,marginal,0.95,group,mean_set_size,1.082687338501292,1.071982281284607,1.0930232558139534,0.95,2000
dry_bean,temperature_scaled,LAC,marginal,0.95,group,singleton_rate,0.9184200812107788,0.9084533038021412,0.9287559985234404,0.95,2000
dry_bean,temperature_scaled,LAC,marginal,0.95,group,empty_set_rate,0.0,0.0,0.0,0.95,2000
dry_bean,temperature_scaled,LAC,marginal,0.95,group,minimum_class_coverage,0.908745247148289,0.8840304182509505,0.9280575539568344,0.95,2000
dry_bean,temperature_scaled,LAC,marginal,0.95,group,class_coverage_range,0.091254752851711,0.0719424460431654,0.1159695817490494,0.95,2000
dry_bean,temperature_scaled,LAC,mondrian,0.95,group,coverage,0.9516426725729052,0.9435215946843852,0.9593946105574012,0.95,2000
dry_bean,temperature_scaled,LAC,mondrian,0.95,group,mean_set_size,1.086378737541528,1.074935400516796,1.097452934662237,0.95,2000
dry_bean,temperature_scaled,LAC,mondrian,0.95,group,singleton_rate,0.9080841638981174,0.8973791066814323,0.919158361018826,0.95,2000
dry_bean,temperature_scaled,LAC,mondrian,0.95,group,empty_set_rate,0.0036913990402362,0.0018456995201181,0.0059062384643779,0.95,2000
dry_bean,temperature_scaled,LAC,mondrian,0.95,group,minimum_class_coverage,0.9019607843137256,0.8431372549019608,0.9363476226111932,0.95,2000
dry_bean,temperature_scaled,LAC,mondrian,0.95,group,class_coverage_range,0.0801364023870417,0.0434782608695651,0.1436487638533674,0.95,2000
dry_bean,temperature_scaled,APS,marginal,0.9,group,coverage,0.8992248062015504,0.8881413805832411,0.9106681432262828,0.95,2000
dry_bean,temperature_scaled,APS,marginal,0.9,group,mean_set_size,1.0852713178294573,1.066076042820229,1.1040974529346623,0.95,2000
dry_bean,temperature_scaled,APS,marginal,0.9,group,singleton_rate,0.8091546696197859,0.7947582133628646,0.8239202657807309,0.95,2000
dry_bean,temperature_scaled,APS,marginal,0.9,group,empty_set_rate,0.0612772240679217,0.0524178663713547,0.0708748615725359,0.95,2000
dry_bean,temperature_scaled,APS,marginal,0.9,group,minimum_class_coverage,0.8705035971223022,0.8235294117647058,0.8884892086330936,0.95,2000
dry_bean,temperature_scaled,APS,marginal,0.9,group,class_coverage_range,0.0450974258956006,0.0317485142320925,0.1112538869160427,0.95,2000
dry_bean,temperature_scaled,APS,mondrian,0.9,group,coverage,0.9010705057216684,0.8896271686969361,0.9121447028423773,0.95,2000
dry_bean,temperature_scaled,APS,mondrian,0.9,group,mean_set_size,1.0900701365817644,1.0705057216685123,1.109265411590993,0.95,2000
dry_bean,temperature_scaled,APS,mondrian,0.9,group,singleton_rate,0.8065706902916205,0.7914359542266519,0.8217054263565892,0.95,2000
dry_bean,temperature_scaled,APS,mondrian,0.9,group,empty_set_rate,0.0601698043558508,0.0516795865633074,0.0693983019564414,0.95,2000
dry_bean,temperature_scaled,APS,mondrian,0.9,group,minimum_class_coverage,0.8840304182509505,0.8416910578001477,0.8944099378881988,0.95,2000
dry_bean,temperature_scaled,APS,mondrian,0.9,group,class_coverage_range,0.0357690804959166,0.0277052125197904,0.0979646611496309,0.95,2000
dry_bean,temperature_scaled,APS,marginal,0.95,group,coverage,0.9520118124769288,0.944250645994832,0.9601328903654484,0.95,2000
dry_bean,temperature_scaled,APS,marginal,0.95,group,mean_set_size,1.2188999630860096,1.197858988556663,1.2410483573274271,0.95,2000
dry_bean,temperature_scaled,APS,marginal,0.95,group,singleton_rate,0.7781469176818014,0.7637412329272795,0.7936507936507936,0.95,2000
dry_bean,temperature_scaled,APS,marginal,0.95,group,empty_set_rate,0.0236249538575119,0.0177187153931339,0.0295311923218899,0.95,2000
dry_bean,temperature_scaled,APS,marginal,0.95,group,minimum_class_coverage,0.9334600760456274,0.8921568627450981,0.9423558897243108,0.95,2000
dry_bean,temperature_scaled,APS,marginal,0.95,group,class_coverage_range,0.0354840233332546,0.0265859558185423,0.0825124672294547,0.95,2000
dry_bean,temperature_scaled,APS,mondrian,0.95,group,coverage,0.9534883720930232,0.9453672942045036,0.9612403100775194,0.95,2000
dry_bean,temperature_scaled,APS,mondrian,0.95,group,mean_set_size,1.2351421188630491,1.2133628645256551,1.2576688815060908,0.95,2000
dry_bean,temperature_scaled,APS,mondrian,0.95,group,singleton_rate,0.7678110003691399,0.7530454042081949,0.7836840162421558,0.95,2000
dry_bean,temperature_scaled,APS,mondrian,0.95,group,empty_set_rate,0.0228866740494647,0.0173495754891103,0.0287929125138427,0.95,2000
dry_bean,temperature_scaled,APS,mondrian,0.95,group,minimum_class_coverage,0.9435600578871202,0.9201520912547528,0.9496402877697842,0.95,2000
dry_bean,temperature_scaled,APS,mondrian,0.95,group,class_coverage_range,0.0368320989756248,0.0241325244659388,0.0719424460431654,0.95,2000
dry_bean,temperature_scaled,RAPS,marginal,0.9,group,coverage,0.9018087855297158,0.890734588409007,0.9125138427464008,0.95,2000
dry_bean,temperature_scaled,RAPS,marginal,0.9,group,mean_set_size,1.0804724990771502,1.0623846437799926,1.0982004429678849,0.95,2000
dry_bean,temperature_scaled,RAPS,marginal,0.9,group,singleton_rate,0.8165374677002584,0.8025101513473607,0.831312292358804,0.95,2000
dry_bean,temperature_scaled,RAPS,marginal,0.9,group,empty_set_rate,0.0579549649317091,0.0494555186415651,0.0671834625322997,0.95,2000
dry_bean,temperature_scaled,RAPS,marginal,0.9,group,minimum_class_coverage,0.8705035971223022,0.8237410071942446,0.8920863309352518,0.95,2000
dry_bean,temperature_scaled,RAPS,marginal,0.9,group,class_coverage_range,0.0487510612627909,0.034852362903247,0.1112538869160427,0.95,2000
dry_bean,temperature_scaled,RAPS,mondrian,0.9,group,coverage,0.9021779254337394,0.890734588409007,0.913252122554448,0.95,2000
dry_bean,temperature_scaled,RAPS,mondrian,0.9,group,mean_set_size,1.0823181985972683,1.0642211148025102,1.1007751937984496,0.95,2000
dry_bean,temperature_scaled,RAPS,mondrian,0.9,group,singleton_rate,0.8157991878922112,0.8010335917312662,0.8305647840531561,0.95,2000
dry_bean,temperature_scaled,RAPS,mondrian,0.9,group,empty_set_rate,0.0575858250276854,0.0490863787375415,0.0668143226282761,0.95,2000
dry_bean,temperature_scaled,RAPS,mondrian,0.9,group,minimum_class_coverage,0.8848920863309353,0.841726618705036,0.89568345323741,0.95,2000
dry_bean,temperature_scaled,RAPS,mondrian,0.9,group,class_coverage_range,0.0324011467517714,0.0263875241739645,0.0952941793200862,0.95,2000
dry_bean,temperature_scaled,RAPS,marginal,0.95,group,coverage,0.9505352528608344,0.9424141749723144,0.958656330749354,0.95,2000
dry_bean,temperature_scaled,RAPS,marginal,0.95,group,mean_set_size,1.1904761904761905,1.1720191952750092,1.209671465485419,0.95,2000
dry_bean,temperature_scaled,RAPS,marginal,0.95,group,singleton_rate,0.7947582133628646,0.7810908084163899,0.8095238095238095,0.95,2000
dry_bean,temperature_scaled,RAPS,marginal,0.95,group,empty_set_rate,0.0210409745293466,0.0155038759689922,0.0265780730897009,0.95,2000
dry_bean,temperature_scaled,RAPS,marginal,0.95,group,minimum_class_coverage,0.9315589353612168,0.9028776978417268,0.9424460431654677,0.95,2000
dry_bean,temperature_scaled,RAPS,marginal,0.95,group,class_coverage_range,0.0390292999329009,0.0276189224481138,0.0817490494296577,0.95,2000
dry_bean,temperature_scaled,RAPS,mondrian,0.95,group,coverage,0.9534883720930232,0.9453672942045036,0.9612403100775194,0.95,2000
dry_bean,temperature_scaled,RAPS,mondrian,0.95,group,mean_set_size,1.212624584717608,1.1923218899963086,1.2325581395348837,0.95,2000
dry_bean,temperature_scaled,RAPS,mondrian,0.95,group,singleton_rate,0.7770394979697305,0.7626430417128092,0.7925433739387228,0.95,2000
dry_bean,temperature_scaled,RAPS,mondrian,0.95,group,empty_set_rate,0.020671834625323,0.0151347360649686,0.0262089331856773,0.95,2000
dry_bean,temperature_scaled,RAPS,mondrian,0.95,group,minimum_class_coverage,0.9424460431654677,0.9106320266980332,0.9486692015209124,0.95,2000
dry_bean,temperature_scaled,RAPS,mondrian,0.95,group,class_coverage_range,0.0379461136972774,0.0250908199285665,0.0766832569749824,0.95,2000
iniap_rice,native,LAC,marginal,0.9,group,coverage,0.8951086956521739,0.8815217391304347,0.9081521739130436,0.95,2000
iniap_rice,native,LAC,marginal,0.9,group,mean_set_size,0.8961956521739131,0.8826086956521739,0.9092391304347828,0.95,2000
iniap_rice,native,LAC,marginal,0.9,group,singleton_rate,0.8961956521739131,0.8826086956521739,0.9092391304347828,0.95,2000
iniap_rice,native,LAC,marginal,0.9,group,empty_set_rate,0.1038043478260869,0.0907608695652174,0.117391304347826,0.95,2000
iniap_rice,native,LAC,marginal,0.9,group,minimum_class_coverage,0.7757437070938215,0.7368421052631579,0.8147025171624711,0.95,2000
iniap_rice,native,LAC,marginal,0.9,group,class_coverage_range,0.2192646123737326,0.1797385745344334,0.2569173421871251,0.95,2000
iniap_rice,native,LAC,mondrian,0.9,group,coverage,0.904891304347826,0.8913043478260869,0.9179347826086957,0.95,2000
iniap_rice,native,LAC,mondrian,0.9,group,mean_set_size,0.9065217391304348,0.8934782608695652,0.9190217391304348,0.95,2000
iniap_rice,native,LAC,mondrian,0.9,group,singleton_rate,0.9065217391304348,0.8934782608695652,0.9190217391304348,0.95,2000
iniap_rice,native,LAC,mondrian,0.9,group,empty_set_rate,0.0934782608695652,0.0809782608695652,0.1065217391304347,0.95,2000
iniap_rice,native,LAC,mondrian,0.9,group,minimum_class_coverage,0.8901601830663616,0.8604118993135011,0.9064837905236908,0.95,2000
iniap_rice,native,LAC,mondrian,0.9,group,class_coverage_range,0.0366285024577648,0.013121310101764,0.0726173387603421,0.95,2000
iniap_rice,native,LAC,marginal,0.95,group,coverage,0.9445652173913044,0.9342391304347826,0.954891304347826,0.95,2000
iniap_rice,native,LAC,marginal,0.95,group,mean_set_size,0.9472826086956522,0.9375,0.957608695652174,0.95,2000
iniap_rice,native,LAC,marginal,0.95,group,singleton_rate,0.9472826086956522,0.9375,0.957608695652174,0.95,2000
iniap_rice,native,LAC,marginal,0.95,group,empty_set_rate,0.0527173913043478,0.042391304347826,0.0625,0.95,2000
iniap_rice,native,LAC,marginal,0.95,group,minimum_class_coverage,0.8901601830663616,0.8604118993135011,0.9176201372997712,0.95,2000
iniap_rice,native,LAC,marginal,0.95,group,class_coverage_range,0.1098398169336384,0.0823798627002287,0.1395881006864988,0.95,2000
iniap_rice,native,LAC,mondrian,0.95,group,coverage,0.9489130434782608,0.9391304347826088,0.9592391304347826,0.95,2000
iniap_rice,native,LAC,mondrian,0.95,group,mean_set_size,0.957608695652174,0.9489130434782608,0.967391304347826,0.95,2000
iniap_rice,native,LAC,mondrian,0.95,group,singleton_rate,0.957608695652174,0.9489130434782608,0.967391304347826,0.95,2000
iniap_rice,native,LAC,mondrian,0.95,group,empty_set_rate,0.042391304347826,0.0326086956521739,0.0510869565217391,0.95,2000
iniap_rice,native,LAC,mondrian,0.95,group,minimum_class_coverage,0.9290617848970252,0.9038901601830664,0.9488778054862844,0.95,2000
iniap_rice,native,LAC,mondrian,0.95,group,class_coverage_range,0.0359964513758533,0.0119085479643793,0.0653259060985315,0.95,2000
iniap_rice,native,APS,marginal,0.9,group,coverage,0.8994565217391305,0.8853260869565217,0.9125,0.95,2000
iniap_rice,native,APS,marginal,0.9,group,mean_set_size,0.929891304347826,0.915217391304348,0.9434782608695652,0.95,2000
iniap_rice,native,APS,marginal,0.9,group,singleton_rate,0.8875,0.8717391304347826,0.9016304347826088,0.95,2000
iniap_rice,native,APS,marginal,0.9,group,empty_set_rate,0.0913043478260869,0.0788043478260869,0.104891304347826,0.95,2000
iniap_rice,native,APS,marginal,0.9,group,minimum_class_coverage,0.891846921797005,0.8652246256239601,0.905160040829706,0.95,2000
iniap_rice,native,APS,marginal,0.9,group,class_coverage_range,0.0166198974249629,0.0041373967826429,0.0554244756734822,0.95,2000
iniap_rice,native,APS,mondrian,0.9,group,coverage,0.9,0.8858695652173914,0.9130434782608696,0.95,2000
iniap_rice,native,APS,mondrian,0.9,group,mean_set_size,0.9309782608695653,0.9157608695652174,0.9445652173913044,0.95,2000
iniap_rice,native,APS,mondrian,0.9,group,singleton_rate,0.8875,0.8722826086956522,0.9011005434782609,0.95,2000
iniap_rice,native,APS,mondrian,0.9,group,empty_set_rate,0.0907608695652174,0.0782608695652174,0.1043478260869565,0.95,2000
iniap_rice,native,APS,mondrian,0.9,group,minimum_class_coverage,0.8885191347753744,0.8618968386023295,0.903990024937656,0.95,2000
iniap_rice,native,APS,mondrian,0.9,group,class_coverage_range,0.0291010025243968,0.007171024775318,0.0644668306445778,0.95,2000
iniap_rice,native,APS,marginal,0.95,group,coverage,0.95,0.9396739130434782,0.9592391304347826,0.95,2000
iniap_rice,native,APS,marginal,0.95,group,mean_set_size,0.9989130434782608,0.9847826086956522,1.0125,0.95,2000
iniap_rice,native,APS,marginal,0.95,group,singleton_rate,0.9097826086956522,0.8951086956521739,0.9222826086956522,0.95,2000
iniap_rice,native,APS,marginal,0.95,group,empty_set_rate,0.0456521739130434,0.0364130434782608,0.0554483695652173,0.95,2000
iniap_rice,native,APS,marginal,0.95,group,minimum_class_coverage,0.9450915141430948,0.9234608985024958,0.954233409610984,0.95,2000
iniap_rice,native,APS,marginal,0.95,group,class_coverage_range,0.0087738225152592,0.0030645032218169,0.037472943582932,0.95,2000
iniap_rice,native,APS,mondrian,0.95,group,coverage,0.9516304347826088,0.941304347826087,0.9614130434782608,0.95,2000
iniap_rice,native,APS,mondrian,0.95,group,mean_set_size,1.002717391304348,0.9885869565217392,1.0168478260869565,0.95,2000
iniap_rice,native,APS,mondrian,0.95,group,singleton_rate,0.9070652173913044,0.8923913043478261,0.9195652173913044,0.95,2000
iniap_rice,native,APS,mondrian,0.95,group,empty_set_rate,0.0451086956521739,0.0358695652173913,0.0554347826086956,0.95,2000
iniap_rice,native,APS,mondrian,0.95,group,minimum_class_coverage,0.9434276206322796,0.9234608985024958,0.9550748752079868,0.95,2000
iniap_rice,native,APS,mondrian,0.95,group,class_coverage_range,0.0222474365759584,0.0061889755017491,0.0474204891161565,0.95,2000
iniap_rice,native,RAPS,marginal,0.9,group,coverage,0.9005434782608696,0.8858695652173914,0.9135869565217392,0.95,2000
iniap_rice,native,RAPS,marginal,0.9,group,mean_set_size,0.9309782608695653,0.9157608695652174,0.9445652173913044,0.95,2000
iniap_rice,native,RAPS,marginal,0.9,group,singleton_rate,0.8885869565217391,0.8728260869565218,0.9027173913043478,0.95,2000
iniap_rice,native,RAPS,marginal,0.9,group,empty_set_rate,0.0902173913043478,0.0777173913043478,0.1038043478260869,0.95,2000
iniap_rice,native,RAPS,marginal,0.9,group,minimum_class_coverage,0.891846921797005,0.8668808946850843,0.9061784897025172,0.95,2000
iniap_rice,native,RAPS,marginal,0.9,group,class_coverage_range,0.0211965564638645,0.0048817458641725,0.0582210427319836,0.95,2000
iniap_rice,native,RAPS,mondrian,0.9,group,coverage,0.9005434782608696,0.8863994565217391,0.9135869565217392,0.95,2000
iniap_rice,native,RAPS,mondrian,0.9,group,mean_set_size,0.9309782608695653,0.9163043478260868,0.9445652173913044,0.95,2000
iniap_rice,native,RAPS,mondrian,0.9,group,singleton_rate,0.8885869565217391,0.8728260869565218,0.9027173913043478,0.95,2000
iniap_rice,native,RAPS,mondrian,0.9,group,empty_set_rate,0.0902173913043478,0.0777173913043478,0.1038043478260869,0.95,2000
iniap_rice,native,RAPS,mondrian,0.9,group,minimum_class_coverage,0.8885191347753744,0.8618968386023295,0.903990024937656,0.95,2000
iniap_rice,native,RAPS,mondrian,0.9,group,class_coverage_range,0.0291010025243968,0.0068439301983773,0.0644668306445778,0.95,2000
iniap_rice,native,RAPS,marginal,0.95,group,coverage,0.9483695652173914,0.9375,0.9581521739130436,0.95,2000
iniap_rice,native,RAPS,marginal,0.95,group,mean_set_size,0.9918478260869564,0.9788043478260868,1.004891304347826,0.95,2000
iniap_rice,native,RAPS,marginal,0.95,group,singleton_rate,0.9168478260869564,0.9027173913043478,0.928804347826087,0.95,2000
iniap_rice,native,RAPS,marginal,0.95,group,empty_set_rate,0.0456521739130434,0.0364130434782608,0.0554483695652173,0.95,2000
iniap_rice,native,RAPS,marginal,0.95,group,minimum_class_coverage,0.9450915141430948,0.9221967963386728,0.9534109816971714,0.95,2000
iniap_rice,native,RAPS,marginal,0.95,group,class_coverage_range,0.0062800569292242,0.0029003553086845,0.0366598561214511,0.95,2000
iniap_rice,native,RAPS,mondrian,0.95,group,coverage,0.9494565217391304,0.9391304347826088,0.9592391304347826,0.95,2000
iniap_rice,native,RAPS,mondrian,0.95,group,mean_set_size,0.996195652173913,0.982608695652174,1.0092527173913042,0.95,2000
iniap_rice,native,RAPS,mondrian,0.95,group,singleton_rate,0.9135869565217392,0.8989130434782608,0.9255434782608696,0.95,2000
iniap_rice,native,RAPS,mondrian,0.95,group,empty_set_rate,0.0451086956521739,0.0358695652173913,0.0554347826086956,0.95,2000
iniap_rice,native,RAPS,mondrian,0.95,group,minimum_class_coverage,0.9434276206322796,0.9234608985024958,0.9538653366583542,0.95,2000
iniap_rice,native,RAPS,mondrian,0.95,group,class_coverage_range,0.0176707775370568,0.0046161634184089,0.0434630307230131,0.95,2000
iniap_rice,temperature_scaled,LAC,marginal,0.9,group,coverage,0.8951086956521739,0.8815217391304347,0.9081521739130436,0.95,2000
iniap_rice,temperature_scaled,LAC,marginal,0.9,group,mean_set_size,0.8961956521739131,0.8826086956521739,0.9092391304347828,0.95,2000
iniap_rice,temperature_scaled,LAC,marginal,0.9,group,singleton_rate,0.8961956521739131,0.8826086956521739,0.9092391304347828,0.95,2000
iniap_rice,temperature_scaled,LAC,marginal,0.9,group,empty_set_rate,0.1038043478260869,0.0907608695652174,0.117391304347826,0.95,2000
iniap_rice,temperature_scaled,LAC,marginal,0.9,group,minimum_class_coverage,0.7757437070938215,0.7368421052631579,0.8147025171624711,0.95,2000
iniap_rice,temperature_scaled,LAC,marginal,0.9,group,class_coverage_range,0.2192646123737326,0.1797385745344334,0.2569173421871251,0.95,2000
iniap_rice,temperature_scaled,LAC,mondrian,0.9,group,coverage,0.904891304347826,0.8913043478260869,0.9179347826086957,0.95,2000
iniap_rice,temperature_scaled,LAC,mondrian,0.9,group,mean_set_size,0.9065217391304348,0.8934782608695652,0.9190217391304348,0.95,2000
iniap_rice,temperature_scaled,LAC,mondrian,0.9,group,singleton_rate,0.9065217391304348,0.8934782608695652,0.9190217391304348,0.95,2000
iniap_rice,temperature_scaled,LAC,mondrian,0.9,group,empty_set_rate,0.0934782608695652,0.0809782608695652,0.1065217391304347,0.95,2000
iniap_rice,temperature_scaled,LAC,mondrian,0.9,group,minimum_class_coverage,0.8901601830663616,0.8604118993135011,0.9064837905236908,0.95,2000
iniap_rice,temperature_scaled,LAC,mondrian,0.9,group,class_coverage_range,0.0366285024577648,0.013121310101764,0.0726173387603421,0.95,2000
iniap_rice,temperature_scaled,LAC,marginal,0.95,group,coverage,0.9445652173913044,0.9342391304347826,0.954891304347826,0.95,2000
iniap_rice,temperature_scaled,LAC,marginal,0.95,group,mean_set_size,0.9472826086956522,0.9375,0.957608695652174,0.95,2000
iniap_rice,temperature_scaled,LAC,marginal,0.95,group,singleton_rate,0.9472826086956522,0.9375,0.957608695652174,0.95,2000
iniap_rice,temperature_scaled,LAC,marginal,0.95,group,empty_set_rate,0.0527173913043478,0.042391304347826,0.0625,0.95,2000
iniap_rice,temperature_scaled,LAC,marginal,0.95,group,minimum_class_coverage,0.8901601830663616,0.8604118993135011,0.9176201372997712,0.95,2000
iniap_rice,temperature_scaled,LAC,marginal,0.95,group,class_coverage_range,0.1098398169336384,0.0823798627002287,0.1395881006864988,0.95,2000
iniap_rice,temperature_scaled,LAC,mondrian,0.95,group,coverage,0.9489130434782608,0.9391304347826088,0.9592391304347826,0.95,2000
iniap_rice,temperature_scaled,LAC,mondrian,0.95,group,mean_set_size,0.957608695652174,0.9489130434782608,0.967391304347826,0.95,2000
iniap_rice,temperature_scaled,LAC,mondrian,0.95,group,singleton_rate,0.957608695652174,0.9489130434782608,0.967391304347826,0.95,2000
iniap_rice,temperature_scaled,LAC,mondrian,0.95,group,empty_set_rate,0.042391304347826,0.0326086956521739,0.0510869565217391,0.95,2000
iniap_rice,temperature_scaled,LAC,mondrian,0.95,group,minimum_class_coverage,0.9290617848970252,0.9038901601830664,0.9488778054862844,0.95,2000
iniap_rice,temperature_scaled,LAC,mondrian,0.95,group,class_coverage_range,0.0359964513758533,0.0119085479643793,0.0653259060985315,0.95,2000
iniap_rice,temperature_scaled,APS,marginal,0.9,group,coverage,0.9021739130434784,0.8880434782608696,0.915217391304348,0.95,2000
iniap_rice,temperature_scaled,APS,marginal,0.9,group,mean_set_size,0.932608695652174,0.9179347826086957,0.9467391304347826,0.95,2000
iniap_rice,temperature_scaled,APS,marginal,0.9,group,singleton_rate,0.8902173913043478,0.8755434782608695,0.9038179347826086,0.95,2000
iniap_rice,temperature_scaled,APS,marginal,0.9,group,empty_set_rate,0.0885869565217391,0.0760869565217391,0.1021739130434782,0.95,2000
iniap_rice,temperature_scaled,APS,marginal,0.9,group,minimum_class_coverage,0.8968386023294509,0.870216306156406,0.908466819221968,0.95,2000
iniap_rice,temperature_scaled,APS,marginal,0.9,group,class_coverage_range,0.0139165464119678,0.0044690627773252,0.0509437784267385,0.95,2000
iniap_rice,temperature_scaled,APS,mondrian,0.9,group,coverage,0.9,0.8858695652173914,0.9130434782608696,0.95,2000
iniap_rice,temperature_scaled,APS,mondrian,0.9,group,mean_set_size,0.9304347826086956,0.9157608695652174,0.9440217391304347,0.95,2000
iniap_rice,temperature_scaled,APS,mondrian,0.9,group,singleton_rate,0.8880434782608696,0.8722826086956522,0.9016304347826088,0.95,2000
iniap_rice,temperature_scaled,APS,mondrian,0.9,group,empty_set_rate,0.0907608695652174,0.0782608695652174,0.1043478260869565,0.95,2000
iniap_rice,temperature_scaled,APS,mondrian,0.9,group,minimum_class_coverage,0.8885191347753744,0.8618968386023295,0.9038901601830664,0.95,2000
iniap_rice,temperature_scaled,APS,mondrian,0.9,group,class_coverage_range,0.0291010025243968,0.0071553645005622,0.0644668306445778,0.95,2000
iniap_rice,temperature_scaled,APS,marginal,0.95,group,coverage,0.9494565217391304,0.939116847826087,0.9586956521739132,0.95,2000
iniap_rice,temperature_scaled,APS,marginal,0.95,group,mean_set_size,0.9940217391304348,0.9804347826086957,1.007608695652174,0.95,2000
iniap_rice,temperature_scaled,APS,marginal,0.95,group,singleton_rate,0.9146739130434782,0.9,0.9271739130434784,0.95,2000
iniap_rice,temperature_scaled,APS,marginal,0.95,group,empty_set_rate,0.0456521739130434,0.0364130434782608,0.0559782608695652,0.95,2000
iniap_rice,temperature_scaled,APS,marginal,0.95,group,minimum_class_coverage,0.9434276206322796,0.9234608985024958,0.954233409610984,0.95,2000
iniap_rice,temperature_scaled,APS,marginal,0.95,group,class_coverage_range,0.009190833233057,0.0031657298116739,0.0383254275358029,0.95,2000
iniap_rice,temperature_scaled,APS,mondrian,0.95,group,coverage,0.9505434782608696,0.9402173913043478,0.959782608695652,0.95,2000
iniap_rice,temperature_scaled,APS,mondrian,0.95,group,mean_set_size,0.9989130434782608,0.9853260869565216,1.0125,0.95,2000
iniap_rice,temperature_scaled,APS,mondrian,0.95,group,singleton_rate,0.9119565217391304,0.8972826086956521,0.9239130434782608,0.95,2000
iniap_rice,temperature_scaled,APS,mondrian,0.95,group,empty_set_rate,0.0445652173913043,0.0353260869565217,0.0543478260869565,0.95,2000
iniap_rice,temperature_scaled,APS,mondrian,0.95,group,minimum_class_coverage,0.9434276206322796,0.9234608985024958,0.9550748752079868,0.95,2000
iniap_rice,temperature_scaled,APS,mondrian,0.95,group,class_coverage_range,0.015382448017606,0.0037342924752336,0.0424235732208333,0.95,2000
iniap_rice,temperature_scaled,RAPS,marginal,0.9,group,coverage,0.9010869565217392,0.8869565217391304,0.9141440217391305,0.95,2000
iniap_rice,temperature_scaled,RAPS,marginal,0.9,group,mean_set_size,0.9304347826086956,0.9163043478260868,0.9440217391304347,0.95,2000
iniap_rice,temperature_scaled,RAPS,marginal,0.9,group,singleton_rate,0.8923913043478261,0.8777173913043478,0.9059782608695652,0.95,2000
iniap_rice,temperature_scaled,RAPS,marginal,0.9,group,empty_set_rate,0.0885869565217391,0.0760869565217391,0.1021739130434782,0.95,2000
iniap_rice,temperature_scaled,RAPS,marginal,0.9,group,minimum_class_coverage,0.8968386023294509,0.8695652173913043,0.9068219633943428,0.95,2000
iniap_rice,temperature_scaled,RAPS,marginal,0.9,group,class_coverage_range,0.011628216892517,0.0044766516203768,0.0496986684882959,0.95,2000
iniap_rice,temperature_scaled,RAPS,mondrian,0.9,group,coverage,0.9,0.8858695652173914,0.9135869565217392,0.95,2000
iniap_rice,temperature_scaled,RAPS,mondrian,0.9,group,mean_set_size,0.9304347826086956,0.9157608695652174,0.9445652173913044,0.95,2000
iniap_rice,temperature_scaled,RAPS,mondrian,0.9,group,singleton_rate,0.8891304347826087,0.8733695652173913,0.9027173913043478,0.95,2000
iniap_rice,temperature_scaled,RAPS,mondrian,0.9,group,empty_set_rate,0.0902173913043478,0.0782472826086956,0.1038043478260869,0.95,2000
iniap_rice,temperature_scaled,RAPS,mondrian,0.9,group,minimum_class_coverage,0.8885191347753744,0.8618968386023295,0.903494176372712,0.95,2000
iniap_rice,temperature_scaled,RAPS,mondrian,0.9,group,class_coverage_range,0.0313893320438476,0.008407995392064,0.0663400434820683,0.95,2000
iniap_rice,temperature_scaled,RAPS,marginal,0.95,group,coverage,0.9472826086956522,0.9364130434782608,0.9565217391304348,0.95,2000
iniap_rice,temperature_scaled,RAPS,marginal,0.95,group,mean_set_size,0.9864130434782608,0.9739130434782608,0.9983695652173912,0.95,2000
iniap_rice,temperature_scaled,RAPS,marginal,0.95,group,singleton_rate,0.9222826086956522,0.9081521739130436,0.933695652173913,0.95,2000
iniap_rice,temperature_scaled,RAPS,marginal,0.95,group,empty_set_rate,0.0456521739130434,0.0364130434782608,0.0559782608695652,0.95,2000
iniap_rice,temperature_scaled,RAPS,marginal,0.95,group,minimum_class_coverage,0.9434276206322796,0.9217970049916804,0.951747088186356,0.95,2000
iniap_rice,temperature_scaled,RAPS,marginal,0.95,group,class_coverage_range,0.0066970676470221,0.0025508311600861,0.0366604272519468,0.95,2000
iniap_rice,temperature_scaled,RAPS,mondrian,0.95,group,coverage,0.95,0.9391304347826088,0.9592391304347826,0.95,2000
iniap_rice,temperature_scaled,RAPS,mondrian,0.95,group,mean_set_size,0.992391304347826,0.9793478260869564,1.0049048913043477,0.95,2000
iniap_rice,temperature_scaled,RAPS,mondrian,0.95,group,singleton_rate,0.9195652173913044,0.9059646739130436,0.9315217391304348,0.95,2000
iniap_rice,temperature_scaled,RAPS,mondrian,0.95,group,empty_set_rate,0.0440217391304347,0.0347826086956521,0.0543478260869565,0.95,2000
iniap_rice,temperature_scaled,RAPS,mondrian,0.95,group,minimum_class_coverage,0.9434276206322796,0.9234608985024958,0.9550748752079868,0.95,2000
iniap_rice,temperature_scaled,RAPS,mondrian,0.95,group,class_coverage_range,0.015382448017606,0.0037031677622387,0.0422141587057421,0.95,2000
