dataset_id,representation,algorithm,probability_status,certainty_score,selected_in_calibration,target_calibration_coverage,certainty_threshold,metric,estimate,ci_low,ci_high,confidence_level,n_bootstrap
dry_bean,R1_full_native,rbf_svm,native,max_probability,True,1.0,-inf,coverage,1.0,1.0,1.0,0.95,2000
dry_bean,R1_full_native,rbf_svm,native,max_probability,True,1.0,-inf,selective_accuracy,0.923302752293578,0.9134889429803196,0.932819383259912,0.95,2000
dry_bean,R1_full_native,rbf_svm,native,max_probability,True,1.0,-inf,selective_risk,0.076697247706422,0.0671806167400881,0.0865110570196805,0.95,2000
dry_bean,R1_full_native,rbf_svm,native,max_probability,True,1.0,-inf,macro_f1,0.936605259625814,0.9283677686493604,0.9450716126322796,0.95,2000
dry_bean,R1_full_native,rbf_svm,native,max_probability,True,1.0,-inf,balanced_accuracy,0.9338937932300724,0.9251576335802122,0.9428392134933056,0.95,2000
dry_bean,R1_full_native,rbf_svm,native,max_probability,True,1.0,-inf,mcc,0.9074018935084024,0.8955698845476756,0.9189041865127632,0.95,2000
dry_bean,R1_full_native,rbf_svm,native,max_probability,True,1.0,-inf,min_class_coverage,1.0,1.0,1.0,0.95,2000
dry_bean,R1_full_native,rbf_svm,native,max_probability,True,1.0,-inf,risk_reduction_vs_no_rejection,0.0,0.0,0.0,0.95,2000
dry_bean,R1_full_native,rbf_svm,native,max_probability,True,0.95,0.6272774914703847,coverage,0.939816513761468,0.930717839929154,0.9483546716441452,0.95,2000
dry_bean,R1_full_native,rbf_svm,native,max_probability,True,0.95,0.6272774914703847,selective_accuracy,0.9453338539632956,0.9369404437524328,0.9537368291828896,0.95,2000
dry_bean,R1_full_native,rbf_svm,native,max_probability,True,0.95,0.6272774914703847,selective_risk,0.0546661460367043,0.0462631708171102,0.0630595562475671,0.95,2000
dry_bean,R1_full_native,rbf_svm,native,max_probability,True,0.95,0.6272774914703847,macro_f1,0.9555304706944536,0.9485394427765096,0.9627041524874508,0.95,2000
dry_bean,R1_full_native,rbf_svm,native,max_probability,True,0.95,0.6272774914703847,balanced_accuracy,0.9536702383922072,0.9463330878207468,0.9611749730055936,0.95,2000
dry_bean,R1_full_native,rbf_svm,native,max_probability,True,0.95,0.6272774914703847,mcc,0.9341320501107344,0.924073669902414,0.94424693855592,0.95,2000
dry_bean,R1_full_native,rbf_svm,native,max_probability,True,0.95,0.6272774914703847,min_class_coverage,0.9106463878326996,0.8848920863309353,0.9285843498035972,0.95,2000
dry_bean,R1_full_native,rbf_svm,native,max_probability,True,0.95,0.6272774914703847,risk_reduction_vs_no_rejection,0.0220311016697176,0.0166125782641383,0.0280145989773996,0.95,2000
dry_bean,R1_full_native,rbf_svm,native,max_probability,True,0.9,0.7504361924855383,coverage,0.8954128440366973,0.8838135554843969,0.906891495601173,0.95,2000
dry_bean,R1_full_native,rbf_svm,native,max_probability,True,0.9,0.7504361924855383,selective_accuracy,0.960655737704918,0.9532707406513318,0.9683528034071744,0.95,2000
dry_bean,R1_full_native,rbf_svm,native,max_probability,True,0.9,0.7504361924855383,selective_risk,0.0393442622950819,0.0316471965928256,0.0467292593486682,0.95,2000
dry_bean,R1_full_native,rbf_svm,native,max_probability,True,0.9,0.7504361924855383,macro_f1,0.96649297531169,0.959791623219442,0.973069553955278,0.95,2000
dry_bean,R1_full_native,rbf_svm,native,max_probability,True,0.9,0.7504361924855383,balanced_accuracy,0.964991904466836,0.9579699991653208,0.9718652460398688,0.95,2000
dry_bean,R1_full_native,rbf_svm,native,max_probability,True,0.9,0.7504361924855383,mcc,0.9526665241736448,0.9437798156610674,0.9619261046778552,0.95,2000
dry_bean,R1_full_native,rbf_svm,native,max_probability,True,0.9,0.7504361924855383,min_class_coverage,0.8174904942965779,0.785171102661597,0.8498098859315589,0.95,2000
dry_bean,R1_full_native,rbf_svm,native,max_probability,True,0.9,0.7504361924855383,risk_reduction_vs_no_rejection,0.0373529854113401,0.0304876586724491,0.0448322365313605,0.95,2000
dry_bean,R1_full_native,rbf_svm,native,max_probability,True,0.8,0.8931918944948127,coverage,0.8069724770642202,0.7927067316322051,0.8208516886930984,0.95,2000
dry_bean,R1_full_native,rbf_svm,native,max_probability,True,0.8,0.8931918944948127,selective_accuracy,0.9818099135970896,0.9761673204790392,0.9872900590104404,0.95,2000
dry_bean,R1_full_native,rbf_svm,native,max_probability,True,0.8,0.8931918944948127,selective_risk,0.0181900864029104,0.0127099409895596,0.0238326795209606,0.95,2000
dry_bean,R1_full_native,rbf_svm,native,max_probability,True,0.8,0.8931918944948127,macro_f1,0.9846639088282656,0.979689752209682,0.989262309586221,0.95,2000
dry_bean,R1_full_native,rbf_svm,native,max_probability,True,0.8,0.8931918944948127,balanced_accuracy,0.9838368765935316,0.9786580111250588,0.9887610786590756,0.95,2000
dry_bean,R1_full_native,rbf_svm,native,max_probability,True,0.8,0.8931918944948127,mcc,0.978136435487582,0.9713356688657762,0.9847213833251358,0.95,2000
dry_bean,R1_full_native,rbf_svm,native,max_probability,True,0.8,0.8931918944948127,min_class_coverage,0.6596958174904943,0.6197243346007605,0.7015209125475285,0.95,2000
dry_bean,R1_full_native,rbf_svm,native,max_probability,True,0.8,0.8931918944948127,risk_reduction_vs_no_rejection,0.0585071613035116,0.0499262585182118,0.0674175083934443,0.95,2000
dry_bean,R1_full_native,rbf_svm,native,max_probability,True,0.7,0.95185909007402,coverage,0.7020183486238533,0.6859436025000578,0.717741935483871,0.95,2000
dry_bean,R1_full_native,rbf_svm,native,max_probability,True,0.7,0.95185909007402,selective_accuracy,0.9884997386304234,0.9832716902537886,0.9927424475620272,0.95,2000
dry_bean,R1_full_native,rbf_svm,native,max_probability,True,0.7,0.95185909007402,selective_risk,0.0115002613695766,0.0072575524379728,0.0167283097462114,0.95,2000
dry_bean,R1_full_native,rbf_svm,native,max_probability,True,0.7,0.95185909007402,macro_f1,0.989468580229847,0.9846961589614984,0.9935557752736884,0.95,2000
dry_bean,R1_full_native,rbf_svm,native,max_probability,True,0.7,0.95185909007402,balanced_accuracy,0.9890597604134652,0.9840402829387308,0.9933765402308976,0.95,2000
dry_bean,R1_full_native,rbf_svm,native,max_probability,True,0.7,0.95185909007402,mcc,0.9861847724815777,0.9799348315121696,0.9912948093342322,0.95,2000
dry_bean,R1_full_native,rbf_svm,native,max_probability,True,0.7,0.95185909007402,min_class_coverage,0.4581749049429657,0.4163498098859315,0.5019486692015206,0.95,2000
dry_bean,R1_full_native,rbf_svm,native,max_probability,True,0.7,0.95185909007402,risk_reduction_vs_no_rejection,0.0651969863368454,0.0561893838605407,0.0741598363616882,0.95,2000
dry_bean,R1_full_native,rbf_svm,temperature_scaled,max_probability,True,1.0,-inf,coverage,1.0,1.0,1.0,0.95,2000
dry_bean,R1_full_native,rbf_svm,temperature_scaled,max_probability,True,1.0,-inf,selective_accuracy,0.923302752293578,0.9134889429803196,0.932819383259912,0.95,2000
dry_bean,R1_full_native,rbf_svm,temperature_scaled,max_probability,True,1.0,-inf,selective_risk,0.076697247706422,0.0671806167400881,0.0865110570196805,0.95,2000
dry_bean,R1_full_native,rbf_svm,temperature_scaled,max_probability,True,1.0,-inf,macro_f1,0.936605259625814,0.9283677686493604,0.9450716126322796,0.95,2000
dry_bean,R1_full_native,rbf_svm,temperature_scaled,max_probability,True,1.0,-inf,balanced_accuracy,0.9338937932300724,0.9251576335802122,0.9428392134933056,0.95,2000
dry_bean,R1_full_native,rbf_svm,temperature_scaled,max_probability,True,1.0,-inf,mcc,0.9074018935084024,0.8955698845476756,0.9189041865127632,0.95,2000
dry_bean,R1_full_native,rbf_svm,temperature_scaled,max_probability,True,1.0,-inf,min_class_coverage,1.0,1.0,1.0,0.95,2000
dry_bean,R1_full_native,rbf_svm,temperature_scaled,max_probability,True,1.0,-inf,risk_reduction_vs_no_rejection,0.0,0.0,0.0,0.95,2000
dry_bean,R1_full_native,rbf_svm,temperature_scaled,max_probability,True,0.95,0.6304389828004803,coverage,0.940183486238532,0.931185647980747,0.9488979975256084,0.95,2000
dry_bean,R1_full_native,rbf_svm,temperature_scaled,max_probability,True,0.95,0.6304389828004803,selective_accuracy,0.9453551912568308,0.9369682080403008,0.9537552785378872,0.95,2000
dry_bean,R1_full_native,rbf_svm,temperature_scaled,max_probability,True,0.95,0.6304389828004803,selective_risk,0.0546448087431693,0.0462447214621127,0.0630317919596992,0.95,2000
dry_bean,R1_full_native,rbf_svm,temperature_scaled,max_probability,True,0.95,0.6304389828004803,macro_f1,0.9555430431036728,0.9485462072154665,0.9627153967081892,0.95,2000
dry_bean,R1_full_native,rbf_svm,temperature_scaled,max_probability,True,0.95,0.6304389828004803,balanced_accuracy,0.9536857474619111,0.9463677321883982,0.9611931648475938,0.95,2000
dry_bean,R1_full_native,rbf_svm,temperature_scaled,max_probability,True,0.95,0.6304389828004803,mcc,0.934161032505928,0.9241336642810212,0.9443019002054782,0.95,2000
dry_bean,R1_full_native,rbf_svm,temperature_scaled,max_probability,True,0.95,0.6304389828004803,min_class_coverage,0.9106463878326996,0.8848920863309353,0.9290882778581766,0.95,2000
dry_bean,R1_full_native,rbf_svm,temperature_scaled,max_probability,True,0.95,0.6304389828004803,risk_reduction_vs_no_rejection,0.0220524389632527,0.0166349175567506,0.0280325273801093,0.95,2000
dry_bean,R1_full_native,rbf_svm,temperature_scaled,max_probability,True,0.9,0.7557396680448141,coverage,0.8954128440366973,0.8838135554843969,0.906891495601173,0.95,2000
dry_bean,R1_full_native,rbf_svm,temperature_scaled,max_probability,True,0.9,0.7557396680448141,selective_accuracy,0.960655737704918,0.9532707406513318,0.9683528034071744,0.95,2000
dry_bean,R1_full_native,rbf_svm,temperature_scaled,max_probability,True,0.9,0.7557396680448141,selective_risk,0.0393442622950819,0.0316471965928256,0.0467292593486682,0.95,2000
dry_bean,R1_full_native,rbf_svm,temperature_scaled,max_probability,True,0.9,0.7557396680448141,macro_f1,0.96649297531169,0.959791623219442,0.973069553955278,0.95,2000
dry_bean,R1_full_native,rbf_svm,temperature_scaled,max_probability,True,0.9,0.7557396680448141,balanced_accuracy,0.964991904466836,0.9579699991653208,0.9718652460398688,0.95,2000
dry_bean,R1_full_native,rbf_svm,temperature_scaled,max_probability,True,0.9,0.7557396680448141,mcc,0.9526665241736448,0.9437798156610674,0.9619261046778552,0.95,2000
dry_bean,R1_full_native,rbf_svm,temperature_scaled,max_probability,True,0.9,0.7557396680448141,min_class_coverage,0.8174904942965779,0.785171102661597,0.8498098859315589,0.95,2000
dry_bean,R1_full_native,rbf_svm,temperature_scaled,max_probability,True,0.9,0.7557396680448141,risk_reduction_vs_no_rejection,0.0373529854113401,0.0304876586724491,0.0448322365313605,0.95,2000
dry_bean,R1_full_native,rbf_svm,temperature_scaled,max_probability,True,0.8,0.8981087590393322,coverage,0.8069724770642202,0.7927940377583642,0.8208516886930984,0.95,2000
dry_bean,R1_full_native,rbf_svm,temperature_scaled,max_probability,True,0.8,0.8981087590393322,selective_accuracy,0.9818099135970896,0.976177155977185,0.9872900590104404,0.95,2000
dry_bean,R1_full_native,rbf_svm,temperature_scaled,max_probability,True,0.8,0.8981087590393322,selective_risk,0.0181900864029104,0.0127099409895596,0.0238228440228149,0.95,2000
dry_bean,R1_full_native,rbf_svm,temperature_scaled,max_probability,True,0.8,0.8981087590393322,macro_f1,0.9846639088282656,0.979671728067191,0.989258337468319,0.95,2000
dry_bean,R1_full_native,rbf_svm,temperature_scaled,max_probability,True,0.8,0.8981087590393322,balanced_accuracy,0.9838368765935316,0.97866193908825,0.9887610239496918,0.95,2000
dry_bean,R1_full_native,rbf_svm,temperature_scaled,max_probability,True,0.8,0.8981087590393322,mcc,0.978136435487582,0.9713309983871906,0.9847213833251358,0.95,2000
dry_bean,R1_full_native,rbf_svm,temperature_scaled,max_probability,True,0.8,0.8981087590393322,min_class_coverage,0.6596958174904943,0.6197243346007605,0.7015209125475285,0.95,2000
dry_bean,R1_full_native,rbf_svm,temperature_scaled,max_probability,True,0.8,0.8981087590393322,risk_reduction_vs_no_rejection,0.0585071613035116,0.0499272772814081,0.0674138576321793,0.95,2000
dry_bean,R1_full_native,rbf_svm,temperature_scaled,max_probability,True,0.7,0.9551048607996174,coverage,0.7027522935779816,0.6867193685017869,0.7185782337852693,0.95,2000
dry_bean,R1_full_native,rbf_svm,temperature_scaled,max_probability,True,0.7,0.9551048607996174,selective_accuracy,0.9885117493472584,0.9832810867293624,0.9927537169077127,0.95,2000
dry_bean,R1_full_native,rbf_svm,temperature_scaled,max_probability,True,0.7,0.9551048607996174,selective_risk,0.0114882506527415,0.0072462830922873,0.0167189132706374,0.95,2000
dry_bean,R1_full_native,rbf_svm,temperature_scaled,max_probability,True,0.7,0.9551048607996174,macro_f1,0.989487181501058,0.9847261023874312,0.993581965157948,0.95,2000
dry_bean,R1_full_native,rbf_svm,temperature_scaled,max_probability,True,0.7,0.9551048607996174,balanced_accuracy,0.9890818055128398,0.9840712368615826,0.9933824511535868,0.95,2000
dry_bean,R1_full_native,rbf_svm,temperature_scaled,max_probability,True,0.7,0.9551048607996174,mcc,0.986201953959476,0.9799458565948848,0.9913070937507434,0.95,2000
dry_bean,R1_full_native,rbf_svm,temperature_scaled,max_probability,True,0.7,0.9551048607996174,min_class_coverage,0.4600760456273764,0.4182509505703422,0.5038022813688213,0.95,2000
dry_bean,R1_full_native,rbf_svm,temperature_scaled,max_probability,True,0.7,0.9551048607996174,risk_reduction_vs_no_rejection,0.0652089970536805,0.0561991940549561,0.0741715022538894,0.95,2000
iniap_rice,R4_hybrid_log_area,rbf_svm,native,top2_margin,True,1.0,-inf,coverage,1.0,1.0,1.0,0.95,2000
iniap_rice,R4_hybrid_log_area,rbf_svm,native,top2_margin,True,1.0,-inf,selective_accuracy,0.982608695652174,0.9760869565217392,0.9880434782608696,0.95,2000
iniap_rice,R4_hybrid_log_area,rbf_svm,native,top2_margin,True,1.0,-inf,selective_risk,0.017391304347826,0.0119565217391304,0.0239130434782608,0.95,2000
iniap_rice,R4_hybrid_log_area,rbf_svm,native,top2_margin,True,1.0,-inf,macro_f1,0.9811650961412388,0.9742328225128376,0.9870779256395852,0.95,2000
iniap_rice,R4_hybrid_log_area,rbf_svm,native,top2_margin,True,1.0,-inf,balanced_accuracy,0.9814926832423136,0.9745592159951,0.987663373983044,0.95,2000
iniap_rice,R4_hybrid_log_area,rbf_svm,native,top2_margin,True,1.0,-inf,mcc,0.9731277166511983,0.9631737421103042,0.98155341761341,0.95,2000
iniap_rice,R4_hybrid_log_area,rbf_svm,native,top2_margin,True,1.0,-inf,min_class_coverage,1.0,1.0,1.0,0.95,2000
iniap_rice,R4_hybrid_log_area,rbf_svm,native,top2_margin,True,1.0,-inf,risk_reduction_vs_no_rejection,0.0,0.0,0.0,0.95,2000
iniap_rice,R4_hybrid_log_area,rbf_svm,native,top2_margin,True,0.95,0.839064771221616,coverage,0.9418478260869564,0.9315217391304348,0.9521739130434784,0.95,2000
iniap_rice,R4_hybrid_log_area,rbf_svm,native,top2_margin,True,0.95,0.839064771221616,selective_accuracy,0.9971148297749568,0.994282201513285,0.9994236311239192,0.95,2000
iniap_rice,R4_hybrid_log_area,rbf_svm,native,top2_margin,True,0.95,0.839064771221616,selective_risk,0.0028851702250433,0.0005763688760807,0.005717798486715,0.95,2000
iniap_rice,R4_hybrid_log_area,rbf_svm,native,top2_margin,True,0.95,0.839064771221616,macro_f1,0.9967341729278516,0.993610752758506,0.9993489150762972,0.95,2000
iniap_rice,R4_hybrid_log_area,rbf_svm,native,top2_margin,True,0.95,0.839064771221616,balanced_accuracy,0.996532042565804,0.9931349326087848,0.9991668217535152,0.95,2000
iniap_rice,R4_hybrid_log_area,rbf_svm,native,top2_margin,True,0.95,0.839064771221616,mcc,0.9955302656740758,0.9911571995197812,0.9991083198582876,0.95,2000
iniap_rice,R4_hybrid_log_area,rbf_svm,native,top2_margin,True,0.95,0.839064771221616,min_class_coverage,0.8901601830663616,0.8581235697940504,0.9176201372997712,0.95,2000
iniap_rice,R4_hybrid_log_area,rbf_svm,native,top2_margin,True,0.95,0.839064771221616,risk_reduction_vs_no_rejection,0.0145061341227827,0.009183098601593,0.0202087256948932,0.95,2000
iniap_rice,R4_hybrid_log_area,rbf_svm,native,top2_margin,True,0.9,0.9432756364642232,coverage,0.8934782608695652,0.8804347826086957,0.9065217391304348,0.95,2000
iniap_rice,R4_hybrid_log_area,rbf_svm,native,top2_margin,True,0.9,0.9432756364642232,selective_accuracy,0.9987834549878344,0.9969511730085268,1.0,0.95,2000
iniap_rice,R4_hybrid_log_area,rbf_svm,native,top2_margin,True,0.9,0.9432756364642232,selective_risk,0.0012165450121655,0.0,0.003048826991473,0.95,2000
iniap_rice,R4_hybrid_log_area,rbf_svm,native,top2_margin,True,0.9,0.9432756364642232,macro_f1,0.9985429969132706,0.9963283034550188,1.0,0.95,2000
iniap_rice,R4_hybrid_log_area,rbf_svm,native,top2_margin,True,0.9,0.9432756364642232,balanced_accuracy,0.9985429969132706,0.9961235628274394,1.0,0.95,2000
iniap_rice,R4_hybrid_log_area,rbf_svm,native,top2_margin,True,0.9,0.9432756364642232,mcc,0.998099008801913,0.9952328464588216,1.0,0.95,2000
iniap_rice,R4_hybrid_log_area,rbf_svm,native,top2_margin,True,0.9,0.9432756364642232,min_class_coverage,0.7734553775743707,0.7345537757437071,0.8100686498855835,0.95,2000
iniap_rice,R4_hybrid_log_area,rbf_svm,native,top2_margin,True,0.9,0.9432756364642232,risk_reduction_vs_no_rejection,0.0161747593356605,0.010750921630806,0.0222826086956521,0.95,2000
iniap_rice,R4_hybrid_log_area,rbf_svm,native,top2_margin,True,0.8,0.9863361371731318,coverage,0.7934782608695652,0.7766304347826087,0.8103260869565218,0.95,2000
iniap_rice,R4_hybrid_log_area,rbf_svm,native,top2_margin,True,0.8,0.9863361371731318,selective_accuracy,0.9993150684931508,0.9979309987863212,1.0,0.95,2000
iniap_rice,R4_hybrid_log_area,rbf_svm,native,top2_margin,True,0.8,0.9863361371731318,selective_risk,0.0006849315068493,0.0,0.0020690012136788,0.95,2000
iniap_rice,R4_hybrid_log_area,rbf_svm,native,top2_margin,True,0.8,0.9863361371731318,macro_f1,0.9990682753091352,0.9971456332470632,1.0,0.95,2000
iniap_rice,R4_hybrid_log_area,rbf_svm,native,top2_margin,True,0.8,0.9863361371731318,balanced_accuracy,0.999462365591398,0.9983525535420098,1.0,0.95,2000
iniap_rice,R4_hybrid_log_area,rbf_svm,native,top2_margin,True,0.8,0.9863361371731318,mcc,0.9989093157420268,0.9967058616782556,1.0,0.95,2000
iniap_rice,R4_hybrid_log_area,rbf_svm,native,top2_margin,True,0.8,0.9863361371731318,min_class_coverage,0.5743707093821511,0.5263157894736842,0.620137299771167,0.95,2000
iniap_rice,R4_hybrid_log_area,rbf_svm,native,top2_margin,True,0.8,0.9863361371731318,risk_reduction_vs_no_rejection,0.0167063728409767,0.0108695652173913,0.0232205705286579,0.95,2000
iniap_rice,R4_hybrid_log_area,rbf_svm,native,top2_margin,True,0.7,0.9948696664780629,coverage,0.6978260869565217,0.6793478260869565,0.7168478260869565,0.95,2000
iniap_rice,R4_hybrid_log_area,rbf_svm,native,top2_margin,True,0.7,0.9948696664780629,selective_accuracy,0.9992211838006232,0.9976301910369128,1.0,0.95,2000
iniap_rice,R4_hybrid_log_area,rbf_svm,native,top2_margin,True,0.7,0.9948696664780629,selective_risk,0.0007788161993769,0.0,0.0023698089630871,0.95,2000
iniap_rice,R4_hybrid_log_area,rbf_svm,native,top2_margin,True,0.7,0.9948696664780629,macro_f1,0.9988089958821664,0.9962845785605994,1.0,0.95,2000
iniap_rice,R4_hybrid_log_area,rbf_svm,native,top2_margin,True,0.7,0.9948696664780629,balanced_accuracy,0.9993502274204028,0.9979918668638336,1.0,0.95,2000
iniap_rice,R4_hybrid_log_area,rbf_svm,native,top2_margin,True,0.7,0.9948696664780629,mcc,0.9987343918074724,0.9961421684812968,1.0,0.95,2000
iniap_rice,R4_hybrid_log_area,rbf_svm,native,top2_margin,True,0.7,0.9948696664780629,min_class_coverage,0.4393592677345537,0.3935926773455377,0.4897025171624714,0.95,2000
iniap_rice,R4_hybrid_log_area,rbf_svm,native,top2_margin,True,0.7,0.9948696664780629,risk_reduction_vs_no_rejection,0.0166124881484491,0.0108695652173913,0.0231200220666827,0.95,2000
iniap_rice,R4_hybrid_log_area,rbf_svm,temperature_scaled,top2_margin,True,1.0,-inf,coverage,1.0,1.0,1.0,0.95,2000
iniap_rice,R4_hybrid_log_area,rbf_svm,temperature_scaled,top2_margin,True,1.0,-inf,selective_accuracy,0.982608695652174,0.9760869565217392,0.9880434782608696,0.95,2000
iniap_rice,R4_hybrid_log_area,rbf_svm,temperature_scaled,top2_margin,True,1.0,-inf,selective_risk,0.017391304347826,0.0119565217391304,0.0239130434782608,0.95,2000
iniap_rice,R4_hybrid_log_area,rbf_svm,temperature_scaled,top2_margin,True,1.0,-inf,macro_f1,0.9811650961412388,0.9742328225128376,0.9870779256395852,0.95,2000
iniap_rice,R4_hybrid_log_area,rbf_svm,temperature_scaled,top2_margin,True,1.0,-inf,balanced_accuracy,0.9814926832423136,0.9745592159951,0.987663373983044,0.95,2000
iniap_rice,R4_hybrid_log_area,rbf_svm,temperature_scaled,top2_margin,True,1.0,-inf,mcc,0.9731277166511983,0.9631737421103042,0.98155341761341,0.95,2000
iniap_rice,R4_hybrid_log_area,rbf_svm,temperature_scaled,top2_margin,True,1.0,-inf,min_class_coverage,1.0,1.0,1.0,0.95,2000
iniap_rice,R4_hybrid_log_area,rbf_svm,temperature_scaled,top2_margin,True,1.0,-inf,risk_reduction_vs_no_rejection,0.0,0.0,0.0,0.95,2000
iniap_rice,R4_hybrid_log_area,rbf_svm,temperature_scaled,top2_margin,True,0.95,0.8637906857817761,coverage,0.9418478260869564,0.9315217391304348,0.9521739130434784,0.95,2000
iniap_rice,R4_hybrid_log_area,rbf_svm,temperature_scaled,top2_margin,True,0.95,0.8637906857817761,selective_accuracy,0.9971148297749568,0.994282201513285,0.9994236311239192,0.95,2000
iniap_rice,R4_hybrid_log_area,rbf_svm,temperature_scaled,top2_margin,True,0.95,0.8637906857817761,selective_risk,0.0028851702250433,0.0005763688760807,0.005717798486715,0.95,2000
iniap_rice,R4_hybrid_log_area,rbf_svm,temperature_scaled,top2_margin,True,0.95,0.8637906857817761,macro_f1,0.9967341729278516,0.993610752758506,0.9993489150762972,0.95,2000
iniap_rice,R4_hybrid_log_area,rbf_svm,temperature_scaled,top2_margin,True,0.95,0.8637906857817761,balanced_accuracy,0.996532042565804,0.9931349326087848,0.9991668217535152,0.95,2000
iniap_rice,R4_hybrid_log_area,rbf_svm,temperature_scaled,top2_margin,True,0.95,0.8637906857817761,mcc,0.9955302656740758,0.9911571995197812,0.9991083198582876,0.95,2000
iniap_rice,R4_hybrid_log_area,rbf_svm,temperature_scaled,top2_margin,True,0.95,0.8637906857817761,min_class_coverage,0.8901601830663616,0.8581235697940504,0.9176201372997712,0.95,2000
iniap_rice,R4_hybrid_log_area,rbf_svm,temperature_scaled,top2_margin,True,0.95,0.8637906857817761,risk_reduction_vs_no_rejection,0.0145061341227827,0.009183098601593,0.0202087256948932,0.95,2000
iniap_rice,R4_hybrid_log_area,rbf_svm,temperature_scaled,top2_margin,True,0.9,0.956137197393874,coverage,0.8934782608695652,0.8804347826086957,0.9065217391304348,0.95,2000
iniap_rice,R4_hybrid_log_area,rbf_svm,temperature_scaled,top2_margin,True,0.9,0.956137197393874,selective_accuracy,0.9987834549878344,0.9969511730085268,1.0,0.95,2000
iniap_rice,R4_hybrid_log_area,rbf_svm,temperature_scaled,top2_margin,True,0.9,0.956137197393874,selective_risk,0.0012165450121655,0.0,0.003048826991473,0.95,2000
iniap_rice,R4_hybrid_log_area,rbf_svm,temperature_scaled,top2_margin,True,0.9,0.956137197393874,macro_f1,0.9985429969132706,0.9963283034550188,1.0,0.95,2000
iniap_rice,R4_hybrid_log_area,rbf_svm,temperature_scaled,top2_margin,True,0.9,0.956137197393874,balanced_accuracy,0.9985429969132706,0.9961235628274394,1.0,0.95,2000
iniap_rice,R4_hybrid_log_area,rbf_svm,temperature_scaled,top2_margin,True,0.9,0.956137197393874,mcc,0.998099008801913,0.9952328464588216,1.0,0.95,2000
iniap_rice,R4_hybrid_log_area,rbf_svm,temperature_scaled,top2_margin,True,0.9,0.956137197393874,min_class_coverage,0.7734553775743707,0.7345537757437071,0.8100686498855835,0.95,2000
iniap_rice,R4_hybrid_log_area,rbf_svm,temperature_scaled,top2_margin,True,0.9,0.956137197393874,risk_reduction_vs_no_rejection,0.0161747593356605,0.010750921630806,0.0222826086956521,0.95,2000
iniap_rice,R4_hybrid_log_area,rbf_svm,temperature_scaled,top2_margin,True,0.8,0.990528411313376,coverage,0.7940217391304348,0.7766304347826087,0.8108695652173913,0.95,2000
iniap_rice,R4_hybrid_log_area,rbf_svm,temperature_scaled,top2_margin,True,0.8,0.990528411313376,selective_accuracy,0.999315537303217,0.9979324247249222,1.0,0.95,2000
iniap_rice,R4_hybrid_log_area,rbf_svm,temperature_scaled,top2_margin,True,0.8,0.990528411313376,selective_risk,0.000684462696783,0.0,0.0020675752750778,0.95,2000
iniap_rice,R4_hybrid_log_area,rbf_svm,temperature_scaled,top2_margin,True,0.8,0.990528411313376,macro_f1,0.99907089982606,0.9971596423704278,1.0,0.95,2000
iniap_rice,R4_hybrid_log_area,rbf_svm,temperature_scaled,top2_margin,True,0.8,0.990528411313376,balanced_accuracy,0.999462365591398,0.9983525535420098,1.0,0.95,2000
iniap_rice,R4_hybrid_log_area,rbf_svm,temperature_scaled,top2_margin,True,0.8,0.990528411313376,mcc,0.9989105364449112,0.9967109235975226,1.0,0.95,2000
iniap_rice,R4_hybrid_log_area,rbf_svm,temperature_scaled,top2_margin,True,0.8,0.990528411313376,min_class_coverage,0.5766590389016019,0.528604118993135,0.6224256292906178,0.95,2000
iniap_rice,R4_hybrid_log_area,rbf_svm,temperature_scaled,top2_margin,True,0.8,0.990528411313376,risk_reduction_vs_no_rejection,0.016706841651043,0.0108695652173913,0.0232210497157089,0.95,2000
iniap_rice,R4_hybrid_log_area,rbf_svm,temperature_scaled,top2_margin,True,0.7,0.9967241456579492,coverage,0.6967391304347826,0.6782472826086956,0.7152173913043478,0.95,2000
iniap_rice,R4_hybrid_log_area,rbf_svm,temperature_scaled,top2_margin,True,0.7,0.9967241456579492,selective_accuracy,0.999219968798752,0.9976264411156506,1.0,0.95,2000
iniap_rice,R4_hybrid_log_area,rbf_svm,temperature_scaled,top2_margin,True,0.7,0.9967241456579492,selective_risk,0.000780031201248,0.0,0.0023735588843493,0.95,2000
iniap_rice,R4_hybrid_log_area,rbf_svm,temperature_scaled,top2_margin,True,0.7,0.9967241456579492,macro_f1,0.9988077218243722,0.9962785323556784,1.0,0.95,2000
iniap_rice,R4_hybrid_log_area,rbf_svm,temperature_scaled,top2_margin,True,0.7,0.9967241456579492,balanced_accuracy,0.9993476842791912,0.9979796957428536,1.0,0.95,2000
iniap_rice,R4_hybrid_log_area,rbf_svm,temperature_scaled,top2_margin,True,0.7,0.9967241456579492,mcc,0.9987325056870856,0.9961391962365752,1.0,0.95,2000
iniap_rice,R4_hybrid_log_area,rbf_svm,temperature_scaled,top2_margin,True,0.7,0.9967241456579492,min_class_coverage,0.4393592677345537,0.3935926773455377,0.4897025171624714,0.95,2000
iniap_rice,R4_hybrid_log_area,rbf_svm,temperature_scaled,top2_margin,True,0.7,0.9967241456579492,risk_reduction_vs_no_rejection,0.016611273146578,0.0108695652173913,0.02311939268461,0.95,2000
