dataset_id,representation,accuracy,balanced_accuracy,macro_f1,mcc,log_loss,brier_multiclass
dry_bean,R1_full_native,0.9218348623853212,0.9328506843223068,0.935439598153466,0.905634893478646,0.2182457831299314,0.1147927035803702
dry_bean,R2_measured_core,0.901651376146789,0.9126690457020318,0.914072846200366,0.8812976096929409,0.2658764321660361,0.1416914399101274
dry_bean,R3_complete_invariant,0.7948623853211009,0.7531571244152641,0.7620670285392909,0.7518363759830847,0.5574751586769495,0.2896186564673258
dry_bean,R3_reduced_current,0.7944954128440367,0.7508437455423981,0.7589659773839182,0.7513762795541888,0.5532077672061472,0.289008455554379
dry_bean,R4_complete_log_area,0.92,0.9312562254952474,0.9330283682823068,0.9034283430263412,0.2182174446360081,0.1148286623287375
dry_bean,R4_reduced_log_area_current,0.923302752293578,0.9329866885046634,0.9349525942870244,0.9074224339228628,0.2136707604656736,0.1133681149459754
iniap_rice,R1_full_native,0.9793478260869564,0.9772631731122232,0.977586916037337,0.9680675330640504,0.0520924754446172,0.0298166826834548
iniap_rice,R2_measured_core,0.9804347826086957,0.9791358750340016,0.9788107331588938,0.9697684461587054,0.052197451042962,0.0296890527705541
iniap_rice,R3_complete_invariant,0.979891304347826,0.9773316518010846,0.97814222501307,0.968901942652851,0.0597803552799147,0.0328000674293911
iniap_rice,R4_complete_log_area,0.982608695652174,0.9814926832423136,0.9811650961412388,0.9731277166511983,0.0463726625228775,0.026544343772265
