dataset_id,repeat,seed,fit_seconds,naive_test_rows,train_test_group_overlap_count,development_test_group_overlap_count,naive_macro_f1,official_grouped_macro_f1,naive_minus_official_macro_f1,naive_accuracy,official_grouped_accuracy,naive_minus_official_accuracy,interpretation
dry_bean,0,2026081206,2.15814125299994,2723,15,18,0.943912551087582,0.935439598153466,0.0084729529341159,0.9331619537275064,0.9218348623853212,0.0113270913421853,descriptive row-level split audit; test composition differs from the frozen grouped test
dry_bean,1,2026081207,2.4800495710001087,2723,15,25,0.945263782150015,0.935439598153466,0.0098241839965491,0.9349981637899376,0.9218348623853212,0.0131633014046165,descriptive row-level split audit; test composition differs from the frozen grouped test
dry_bean,2,2026081208,3.631773221000003,2723,20,23,0.9427910627748334,0.935439598153466,0.0073514646213674,0.9320602276900476,0.9218348623853212,0.0102253653047266,descriptive row-level split audit; test composition differs from the frozen grouped test
dry_bean,3,2026081209,2.2393794310000885,2723,18,26,0.9428960446286968,0.935439598153466,0.0074564464752308,0.9342636797649652,0.9218348623853212,0.012428817379644,descriptive row-level split audit; test composition differs from the frozen grouped test
dry_bean,4,2026081210,2.0600889390000248,2723,20,26,0.9411274279722364,0.935439598153466,0.0056878298187704,0.9298567756151304,0.9218348623853212,0.0080219132298092,descriptive row-level split audit; test composition differs from the frozen grouped test
iniap_rice,0,2026082206,0.3751335339998149,1840,0,0,0.9743467495695464,0.977586916037337,-0.0032401664677905,0.9760869565217392,0.9793478260869564,-0.0032608695652173,descriptive row-level split audit; test composition differs from the frozen grouped test
iniap_rice,1,2026082207,0.4219016229999397,1840,0,0,0.9751004430039298,0.977586916037337,-0.0024864730334072,0.9766304347826088,0.9793478260869564,-0.0027173913043477,descriptive row-level split audit; test composition differs from the frozen grouped test
iniap_rice,2,2026082208,0.3967130670000642,1840,0,0,0.9754646314748076,0.977586916037337,-0.0021222845625294,0.9771739130434782,0.9793478260869564,-0.0021739130434782,descriptive row-level split audit; test composition differs from the frozen grouped test
iniap_rice,3,2026082209,0.412516321999874,1840,0,0,0.9767236090639568,0.977586916037337,-0.0008633069733801,0.9782608695652174,0.9793478260869564,-0.001086956521739,descriptive row-level split audit; test composition differs from the frozen grouped test
iniap_rice,4,2026082210,0.3706105060000482,1840,0,0,0.9764910414753007,0.977586916037337,-0.0010958745620361,0.9782608695652174,0.9793478260869564,-0.001086956521739,descriptive row-level split audit; test composition differs from the frozen grouped test
