dataset_id,representation,algorithm,probability_status,method,calibration_mode,nominal_coverage,evaluation_unit,coverage,coverage_gap,mean_set_size,median_set_size,singleton_rate,empty_set_rate,full_set_rate,minimum_class_coverage,maximum_class_coverage,class_coverage_range,n_evaluation_units
dry_bean,R1_full_native,rbf_svm,native,LAC,marginal,0.9,group,0.8881506090808416,-0.0118493909191583,0.9401993355481728,1.0,0.9401993355481728,0.0598006644518272,0.0,0.7946768060836502,0.9901960784313726,0.1955192723477223,2709
dry_bean,R1_full_native,rbf_svm,native,LAC,marginal,0.9,row,0.8888073394495413,-0.0111926605504587,0.9405504587155964,1.0,0.9405504587155964,0.0594495412844036,0.0,0.7946768060836502,0.9901960784313726,0.1955192723477223,2725
dry_bean,R1_full_native,rbf_svm,native,LAC,mondrian,0.9,group,0.893687707641196,-0.006312292358804,0.9601328903654484,1.0,0.9593946105574012,0.0402362495385751,0.0,0.8529411764705882,0.9335038363171356,0.0805626598465473,2709
dry_bean,R1_full_native,rbf_svm,native,LAC,mondrian,0.9,row,0.8943119266055046,-0.0056880733944953,0.9603669724770644,1.0,0.9596330275229358,0.04,0.0,0.8529411764705882,0.936117936117936,0.0831767596473479,2725
dry_bean,R1_full_native,rbf_svm,native,LAC,marginal,0.95,group,0.9534883720930232,0.0034883720930233,1.0823181985972683,1.0,0.9187892211148024,0.0,0.0,0.908745247148289,1.0,0.091254752851711,2709
dry_bean,R1_full_native,rbf_svm,native,LAC,marginal,0.95,row,0.9537614678899082,0.0037614678899082,1.0818348623853211,1.0,0.9192660550458716,0.0,0.0,0.908745247148289,1.0,0.091254752851711,2725
dry_bean,R1_full_native,rbf_svm,native,LAC,mondrian,0.95,group,0.9516426725729052,0.0016426725729051,1.0871170173495754,1.0,0.90734588409007,0.0036913990402362,0.0,0.9019607843137256,0.9820971867007672,0.0801364023870417,2709
dry_bean,R1_full_native,rbf_svm,native,LAC,mondrian,0.95,row,0.9519266055045872,0.0019266055045872,1.086605504587156,1.0,0.9078899082568808,0.0036697247706422,0.0,0.9019607843137256,0.9828009828009828,0.0808401984872573,2725
dry_bean,R1_full_native,rbf_svm,native,APS,marginal,0.9,group,0.8988556662975268,-0.0011443337024732,1.0871170173495754,1.0,0.8073089700996677,0.0616463639719453,0.0,0.8705035971223022,0.9156010230179028,0.0450974258956006,2709
dry_bean,R1_full_native,rbf_svm,native,APS,marginal,0.9,row,0.8990825688073395,-0.0009174311926605,1.086605504587156,1.0,0.8077064220183486,0.0616513761467889,0.0,0.8705035971223022,0.9164619164619164,0.0459583193396142,2725
dry_bean,R1_full_native,rbf_svm,native,APS,mondrian,0.9,group,0.901439645625692,0.001439645625692,1.0937615356220007,1.0,0.8047249907715024,0.0598006644518272,0.0,0.8848920863309353,0.9172932330827068,0.0324011467517714,2709
dry_bean,R1_full_native,rbf_svm,native,APS,mondrian,0.9,row,0.9012844036697248,0.0012844036697247,1.0928440366972476,1.0,0.8047706422018348,0.0601834862385321,0.0,0.8848920863309353,0.9172932330827068,0.0324011467517714,2725
dry_bean,R1_full_native,rbf_svm,native,APS,marginal,0.95,group,0.9531192321889996,0.0031192321889996,1.2266519010705057,1.0,0.773717238833518,0.0228866740494647,0.0,0.9372623574144486,0.968944099378882,0.0316817419644334,2709
dry_bean,R1_full_native,rbf_svm,native,APS,marginal,0.95,row,0.953394495412844,0.003394495412844,1.2260550458715596,1.0,0.7743119266055046,0.0227522935779816,0.0,0.9372623574144486,0.968944099378882,0.0316817419644334,2725
dry_bean,R1_full_native,rbf_svm,native,APS,mondrian,0.95,group,0.952750092284976,0.002750092284976,1.2369878183831673,1.0,0.7652270210409745,0.0236249538575119,0.0,0.9421128798842258,0.9803921568627452,0.0382792769785192,2709
dry_bean,R1_full_native,rbf_svm,native,APS,mondrian,0.95,row,0.95302752293578,0.0030275229357799,1.236330275229358,1.0,0.7658715596330276,0.02348623853211,0.0,0.9421128798842258,0.9803921568627452,0.0382792769785192,2725
dry_bean,R1_full_native,rbf_svm,native,RAPS,marginal,0.9,group,0.9018087855297158,0.0018087855297157,1.0819490586932448,1.0,0.8150609080841639,0.0579549649317091,0.0,0.8705035971223022,0.9192546583850932,0.0487510612627909,2709
dry_bean,R1_full_native,rbf_svm,native,RAPS,marginal,0.9,row,0.9020183486238532,0.0020183486238531,1.0814678899082568,1.0,0.8154128440366972,0.0579816513761467,0.0,0.8705035971223022,0.9192546583850932,0.0487510612627909,2725
dry_bean,R1_full_native,rbf_svm,native,RAPS,mondrian,0.9,group,0.902547065337763,0.0025470653377629,1.0849021779254338,1.0,0.813953488372093,0.0572166851236618,0.0,0.8848920863309353,0.9172932330827068,0.0324011467517714,2709
dry_bean,R1_full_native,rbf_svm,native,RAPS,mondrian,0.9,row,0.9027522935779816,0.0027522935779816,1.0844036697247703,1.0,0.8143119266055046,0.0572477064220183,0.0,0.8848920863309353,0.9172932330827068,0.0324011467517714,2725
dry_bean,R1_full_native,rbf_svm,native,RAPS,marginal,0.95,group,0.9505352528608344,0.0005352528608343,1.1952750092284976,1.0,0.7899593946105574,0.0217792543373938,0.0,0.9316546762589928,0.9627329192546584,0.0310782429956656,2709
dry_bean,R1_full_native,rbf_svm,native,RAPS,marginal,0.95,row,0.9508256880733944,0.0008256880733945,1.1944954128440366,1.0,0.7908256880733945,0.0216513761467889,0.0,0.9316546762589928,0.9627329192546584,0.0310782429956656,2725
dry_bean,R1_full_native,rbf_svm,native,RAPS,mondrian,0.95,group,0.9534883720930232,0.0034883720930233,1.2170542635658914,1.0,0.773717238833518,0.0210409745293466,0.0,0.9424460431654677,0.9803921568627452,0.0379461136972774,2709
dry_bean,R1_full_native,rbf_svm,native,RAPS,mondrian,0.95,row,0.9537614678899082,0.0037614678899082,1.2165137614678898,1.0,0.7743119266055046,0.0209174311926605,0.0,0.9424460431654677,0.9803921568627452,0.0379461136972774,2725
dry_bean,R1_full_native,rbf_svm,temperature_scaled,LAC,marginal,0.9,group,0.8888888888888888,-0.0111111111111111,0.9416758951642672,1.0,0.9416758951642672,0.0583241048357327,0.0,0.7965779467680608,0.9901960784313726,0.1936181316633117,2709
dry_bean,R1_full_native,rbf_svm,temperature_scaled,LAC,marginal,0.9,row,0.8895412844036698,-0.0104587155963302,0.9420183486238533,1.0,0.9420183486238533,0.0579816513761467,0.0,0.7965779467680608,0.9901960784313726,0.1936181316633117,2725
dry_bean,R1_full_native,rbf_svm,temperature_scaled,LAC,mondrian,0.9,group,0.893687707641196,-0.006312292358804,0.9601328903654484,1.0,0.9593946105574012,0.0402362495385751,0.0,0.8529411764705882,0.9335038363171356,0.0805626598465473,2709
dry_bean,R1_full_native,rbf_svm,temperature_scaled,LAC,mondrian,0.9,row,0.8943119266055046,-0.0056880733944953,0.9603669724770644,1.0,0.9596330275229358,0.04,0.0,0.8529411764705882,0.936117936117936,0.0831767596473479,2725
dry_bean,R1_full_native,rbf_svm,temperature_scaled,LAC,marginal,0.95,group,0.9534883720930232,0.0034883720930233,1.082687338501292,1.0,0.9184200812107788,0.0,0.0,0.908745247148289,1.0,0.091254752851711,2709
dry_bean,R1_full_native,rbf_svm,temperature_scaled,LAC,marginal,0.95,row,0.9537614678899082,0.0037614678899082,1.0822018348623854,1.0,0.9188990825688074,0.0,0.0,0.908745247148289,1.0,0.091254752851711,2725
dry_bean,R1_full_native,rbf_svm,temperature_scaled,LAC,mondrian,0.95,group,0.9516426725729052,0.0016426725729051,1.086378737541528,1.0,0.9080841638981174,0.0036913990402362,0.0,0.9019607843137256,0.9820971867007672,0.0801364023870417,2709
dry_bean,R1_full_native,rbf_svm,temperature_scaled,LAC,mondrian,0.95,row,0.9519266055045872,0.0019266055045872,1.0858715596330275,1.0,0.9086238532110092,0.0036697247706422,0.0,0.9019607843137256,0.9828009828009828,0.0808401984872573,2725
dry_bean,R1_full_native,rbf_svm,temperature_scaled,APS,marginal,0.9,group,0.8992248062015504,-0.0007751937984495,1.0852713178294573,1.0,0.8091546696197859,0.0612772240679217,0.0,0.8705035971223022,0.9156010230179028,0.0450974258956006,2709
dry_bean,R1_full_native,rbf_svm,temperature_scaled,APS,marginal,0.9,row,0.8994495412844037,-0.0005504587155963,1.0847706422018348,1.0,0.8095412844036697,0.0612844036697247,0.0,0.8705035971223022,0.9164619164619164,0.0459583193396142,2725
dry_bean,R1_full_native,rbf_svm,temperature_scaled,APS,mondrian,0.9,group,0.9010705057216684,0.0010705057216684,1.0900701365817644,1.0,0.8065706902916205,0.0601698043558508,0.0,0.8840304182509505,0.9197994987468672,0.0357690804959166,2709
dry_bean,R1_full_native,rbf_svm,temperature_scaled,APS,mondrian,0.9,row,0.9009174311926604,0.0009174311926605,1.0891743119266055,1.0,0.806605504587156,0.0605504587155963,0.0,0.8840304182509505,0.9197994987468672,0.0357690804959166,2725
dry_bean,R1_full_native,rbf_svm,temperature_scaled,APS,marginal,0.95,group,0.9520118124769288,0.0020118124769288,1.2188999630860096,1.0,0.7781469176818014,0.0236249538575119,0.0,0.9334600760456274,0.968944099378882,0.0354840233332546,2709
dry_bean,R1_full_native,rbf_svm,temperature_scaled,APS,marginal,0.95,row,0.9522935779816514,0.0022935779816514,1.2179816513761468,1.0,0.7790825688073395,0.02348623853211,0.0,0.9334600760456274,0.968944099378882,0.0354840233332546,2725
dry_bean,R1_full_native,rbf_svm,temperature_scaled,APS,mondrian,0.95,group,0.9534883720930232,0.0034883720930233,1.2351421188630491,1.0,0.7678110003691399,0.0228866740494647,0.0,0.9435600578871202,0.9803921568627452,0.0368320989756248,2709
dry_bean,R1_full_native,rbf_svm,temperature_scaled,APS,mondrian,0.95,row,0.9537614678899082,0.0037614678899082,1.2344954128440366,1.0,0.7684403669724771,0.0227522935779816,0.0,0.9435600578871202,0.9803921568627452,0.0368320989756248,2725
dry_bean,R1_full_native,rbf_svm,temperature_scaled,RAPS,marginal,0.9,group,0.9018087855297158,0.0018087855297157,1.0804724990771502,1.0,0.8165374677002584,0.0579549649317091,0.0,0.8705035971223022,0.9192546583850932,0.0487510612627909,2709
dry_bean,R1_full_native,rbf_svm,temperature_scaled,RAPS,marginal,0.9,row,0.9020183486238532,0.0020183486238531,1.08,1.0,0.8168807339449541,0.0579816513761467,0.0,0.8705035971223022,0.9192546583850932,0.0487510612627909,2725
dry_bean,R1_full_native,rbf_svm,temperature_scaled,RAPS,mondrian,0.9,group,0.9021779254337394,0.0021779254337394,1.0823181985972683,1.0,0.8157991878922112,0.0575858250276854,0.0,0.8848920863309353,0.9172932330827068,0.0324011467517714,2709
dry_bean,R1_full_native,rbf_svm,temperature_scaled,RAPS,mondrian,0.9,row,0.9023853211009174,0.0023853211009173,1.0818348623853211,1.0,0.8161467889908257,0.0576146788990825,0.0,0.8848920863309353,0.9172932330827068,0.0324011467517714,2725
dry_bean,R1_full_native,rbf_svm,temperature_scaled,RAPS,marginal,0.95,group,0.9505352528608344,0.0005352528608343,1.1904761904761905,1.0,0.7947582133628646,0.0210409745293466,0.0,0.9315589353612168,0.9705882352941176,0.0390292999329009,2709
dry_bean,R1_full_native,rbf_svm,temperature_scaled,RAPS,marginal,0.95,row,0.9508256880733944,0.0008256880733945,1.1897247706422018,1.0,0.7955963302752294,0.0209174311926605,0.0,0.9315589353612168,0.9705882352941176,0.0390292999329009,2725
dry_bean,R1_full_native,rbf_svm,temperature_scaled,RAPS,mondrian,0.95,group,0.9534883720930232,0.0034883720930233,1.212624584717608,1.0,0.7770394979697305,0.020671834625323,0.0,0.9424460431654677,0.9803921568627452,0.0379461136972774,2709
dry_bean,R1_full_native,rbf_svm,temperature_scaled,RAPS,mondrian,0.95,row,0.9537614678899082,0.0037614678899082,1.2121100917431191,1.0,0.7776146788990825,0.0205504587155963,0.0,0.9424460431654677,0.9803921568627452,0.0379461136972774,2725
iniap_rice,R4_hybrid_log_area,rbf_svm,native,LAC,marginal,0.9,group,0.8951086956521739,-0.0048913043478261,0.8961956521739131,1.0,0.8961956521739131,0.1038043478260869,0.0,0.7757437070938215,0.995008319467554,0.2192646123737326,1840
iniap_rice,R4_hybrid_log_area,rbf_svm,native,LAC,marginal,0.9,row,0.8951086956521739,-0.0048913043478261,0.8961956521739131,1.0,0.8961956521739131,0.1038043478260869,0.0,0.7757437070938215,0.995008319467554,0.2192646123737326,1840
iniap_rice,R4_hybrid_log_area,rbf_svm,native,LAC,mondrian,0.9,group,0.904891304347826,0.004891304347826,0.9065217391304348,1.0,0.9065217391304348,0.0934782608695652,0.0,0.8901601830663616,0.9267886855241264,0.0366285024577648,1840
iniap_rice,R4_hybrid_log_area,rbf_svm,native,LAC,mondrian,0.9,row,0.904891304347826,0.004891304347826,0.9065217391304348,1.0,0.9065217391304348,0.0934782608695652,0.0,0.8901601830663616,0.9267886855241264,0.0366285024577648,1840
iniap_rice,R4_hybrid_log_area,rbf_svm,native,LAC,marginal,0.95,group,0.9445652173913044,-0.0054347826086955,0.9472826086956522,1.0,0.9472826086956522,0.0527173913043478,0.0,0.8901601830663616,1.0,0.1098398169336384,1840
iniap_rice,R4_hybrid_log_area,rbf_svm,native,LAC,marginal,0.95,row,0.9445652173913044,-0.0054347826086955,0.9472826086956522,1.0,0.9472826086956522,0.0527173913043478,0.0,0.8901601830663616,1.0,0.1098398169336384,1840
iniap_rice,R4_hybrid_log_area,rbf_svm,native,LAC,mondrian,0.95,group,0.9489130434782608,-0.001086956521739,0.957608695652174,1.0,0.957608695652174,0.042391304347826,0.0,0.9290617848970252,0.9650582362728786,0.0359964513758533,1840
iniap_rice,R4_hybrid_log_area,rbf_svm,native,LAC,mondrian,0.95,row,0.9489130434782608,-0.001086956521739,0.957608695652174,1.0,0.957608695652174,0.042391304347826,0.0,0.9290617848970252,0.9650582362728786,0.0359964513758533,1840
iniap_rice,R4_hybrid_log_area,rbf_svm,native,APS,marginal,0.9,group,0.8994565217391305,-0.0005434782608695,0.929891304347826,1.0,0.8875,0.0913043478260869,0.0,0.891846921797005,0.908466819221968,0.0166198974249629,1840
iniap_rice,R4_hybrid_log_area,rbf_svm,native,APS,marginal,0.9,row,0.8994565217391305,-0.0005434782608695,0.929891304347826,1.0,0.8875,0.0913043478260869,0.0,0.891846921797005,0.908466819221968,0.0166198974249629,1840
iniap_rice,R4_hybrid_log_area,rbf_svm,native,APS,mondrian,0.9,group,0.9,0.0,0.9309782608695653,1.0,0.8875,0.0907608695652174,0.0,0.8885191347753744,0.9176201372997712,0.0291010025243968,1840
iniap_rice,R4_hybrid_log_area,rbf_svm,native,APS,mondrian,0.9,row,0.9,0.0,0.9309782608695653,1.0,0.8875,0.0907608695652174,0.0,0.8885191347753744,0.9176201372997712,0.0291010025243968,1840
iniap_rice,R4_hybrid_log_area,rbf_svm,native,APS,marginal,0.95,group,0.95,0.0,0.9989130434782608,1.0,0.9097826086956522,0.0456521739130434,0.0,0.9450915141430948,0.9538653366583542,0.0087738225152592,1840
iniap_rice,R4_hybrid_log_area,rbf_svm,native,APS,marginal,0.95,row,0.95,0.0,0.9989130434782608,1.0,0.9097826086956522,0.0456521739130434,0.0,0.9450915141430948,0.9538653366583542,0.0087738225152592,1840
iniap_rice,R4_hybrid_log_area,rbf_svm,native,APS,mondrian,0.95,group,0.9516304347826088,0.0016304347826087,1.002717391304348,1.0,0.9070652173913044,0.0451086956521739,0.0,0.9434276206322796,0.965675057208238,0.0222474365759584,1840
iniap_rice,R4_hybrid_log_area,rbf_svm,native,APS,mondrian,0.95,row,0.9516304347826088,0.0016304347826087,1.002717391304348,1.0,0.9070652173913044,0.0451086956521739,0.0,0.9434276206322796,0.965675057208238,0.0222474365759584,1840
iniap_rice,R4_hybrid_log_area,rbf_svm,native,RAPS,marginal,0.9,group,0.9005434782608696,0.0005434782608695,0.9309782608695653,1.0,0.8885869565217391,0.0902173913043478,0.0,0.891846921797005,0.9130434782608696,0.0211965564638645,1840
iniap_rice,R4_hybrid_log_area,rbf_svm,native,RAPS,marginal,0.9,row,0.9005434782608696,0.0005434782608695,0.9309782608695653,1.0,0.8885869565217391,0.0902173913043478,0.0,0.891846921797005,0.9130434782608696,0.0211965564638645,1840
iniap_rice,R4_hybrid_log_area,rbf_svm,native,RAPS,mondrian,0.9,group,0.9005434782608696,0.0005434782608695,0.9309782608695653,1.0,0.8885869565217391,0.0902173913043478,0.0,0.8885191347753744,0.9176201372997712,0.0291010025243968,1840
iniap_rice,R4_hybrid_log_area,rbf_svm,native,RAPS,mondrian,0.9,row,0.9005434782608696,0.0005434782608695,0.9309782608695653,1.0,0.8885869565217391,0.0902173913043478,0.0,0.8885191347753744,0.9176201372997712,0.0291010025243968,1840
iniap_rice,R4_hybrid_log_area,rbf_svm,native,RAPS,marginal,0.95,group,0.9483695652173914,-0.0016304347826086,0.9918478260869564,1.0,0.9168478260869564,0.0456521739130434,0.0,0.9450915141430948,0.9513715710723192,0.0062800569292242,1840
iniap_rice,R4_hybrid_log_area,rbf_svm,native,RAPS,marginal,0.95,row,0.9483695652173914,-0.0016304347826086,0.9918478260869564,1.0,0.9168478260869564,0.0456521739130434,0.0,0.9450915141430948,0.9513715710723192,0.0062800569292242,1840
iniap_rice,R4_hybrid_log_area,rbf_svm,native,RAPS,mondrian,0.95,group,0.9494565217391304,-0.0005434782608695,0.996195652173913,1.0,0.9135869565217392,0.0451086956521739,0.0,0.9434276206322796,0.9610983981693364,0.0176707775370568,1840
iniap_rice,R4_hybrid_log_area,rbf_svm,native,RAPS,mondrian,0.95,row,0.9494565217391304,-0.0005434782608695,0.996195652173913,1.0,0.9135869565217392,0.0451086956521739,0.0,0.9434276206322796,0.9610983981693364,0.0176707775370568,1840
iniap_rice,R4_hybrid_log_area,rbf_svm,temperature_scaled,LAC,marginal,0.9,group,0.8951086956521739,-0.0048913043478261,0.8961956521739131,1.0,0.8961956521739131,0.1038043478260869,0.0,0.7757437070938215,0.995008319467554,0.2192646123737326,1840
iniap_rice,R4_hybrid_log_area,rbf_svm,temperature_scaled,LAC,marginal,0.9,row,0.8951086956521739,-0.0048913043478261,0.8961956521739131,1.0,0.8961956521739131,0.1038043478260869,0.0,0.7757437070938215,0.995008319467554,0.2192646123737326,1840
iniap_rice,R4_hybrid_log_area,rbf_svm,temperature_scaled,LAC,mondrian,0.9,group,0.904891304347826,0.004891304347826,0.9065217391304348,1.0,0.9065217391304348,0.0934782608695652,0.0,0.8901601830663616,0.9267886855241264,0.0366285024577648,1840
iniap_rice,R4_hybrid_log_area,rbf_svm,temperature_scaled,LAC,mondrian,0.9,row,0.904891304347826,0.004891304347826,0.9065217391304348,1.0,0.9065217391304348,0.0934782608695652,0.0,0.8901601830663616,0.9267886855241264,0.0366285024577648,1840
iniap_rice,R4_hybrid_log_area,rbf_svm,temperature_scaled,LAC,marginal,0.95,group,0.9445652173913044,-0.0054347826086955,0.9472826086956522,1.0,0.9472826086956522,0.0527173913043478,0.0,0.8901601830663616,1.0,0.1098398169336384,1840
iniap_rice,R4_hybrid_log_area,rbf_svm,temperature_scaled,LAC,marginal,0.95,row,0.9445652173913044,-0.0054347826086955,0.9472826086956522,1.0,0.9472826086956522,0.0527173913043478,0.0,0.8901601830663616,1.0,0.1098398169336384,1840
iniap_rice,R4_hybrid_log_area,rbf_svm,temperature_scaled,LAC,mondrian,0.95,group,0.9489130434782608,-0.001086956521739,0.957608695652174,1.0,0.957608695652174,0.042391304347826,0.0,0.9290617848970252,0.9650582362728786,0.0359964513758533,1840
iniap_rice,R4_hybrid_log_area,rbf_svm,temperature_scaled,LAC,mondrian,0.95,row,0.9489130434782608,-0.001086956521739,0.957608695652174,1.0,0.957608695652174,0.042391304347826,0.0,0.9290617848970252,0.9650582362728786,0.0359964513758533,1840
iniap_rice,R4_hybrid_log_area,rbf_svm,temperature_scaled,APS,marginal,0.9,group,0.9021739130434784,0.0021739130434782,0.932608695652174,1.0,0.8902173913043478,0.0885869565217391,0.0,0.8968386023294509,0.9107551487414188,0.0139165464119678,1840
iniap_rice,R4_hybrid_log_area,rbf_svm,temperature_scaled,APS,marginal,0.9,row,0.9021739130434784,0.0021739130434782,0.932608695652174,1.0,0.8902173913043478,0.0885869565217391,0.0,0.8968386023294509,0.9107551487414188,0.0139165464119678,1840
iniap_rice,R4_hybrid_log_area,rbf_svm,temperature_scaled,APS,mondrian,0.9,group,0.9,0.0,0.9304347826086956,1.0,0.8880434782608696,0.0907608695652174,0.0,0.8885191347753744,0.9176201372997712,0.0291010025243968,1840
iniap_rice,R4_hybrid_log_area,rbf_svm,temperature_scaled,APS,mondrian,0.9,row,0.9,0.0,0.9304347826086956,1.0,0.8880434782608696,0.0907608695652174,0.0,0.8885191347753744,0.9176201372997712,0.0291010025243968,1840
iniap_rice,R4_hybrid_log_area,rbf_svm,temperature_scaled,APS,marginal,0.95,group,0.9494565217391304,-0.0005434782608695,0.9940217391304348,1.0,0.9146739130434782,0.0456521739130434,0.0,0.9434276206322796,0.9526184538653366,0.009190833233057,1840
iniap_rice,R4_hybrid_log_area,rbf_svm,temperature_scaled,APS,marginal,0.95,row,0.9494565217391304,-0.0005434782608695,0.9940217391304348,1.0,0.9146739130434782,0.0456521739130434,0.0,0.9434276206322796,0.9526184538653366,0.009190833233057,1840
iniap_rice,R4_hybrid_log_area,rbf_svm,temperature_scaled,APS,mondrian,0.95,group,0.9505434782608696,0.0005434782608696,0.9989130434782608,1.0,0.9119565217391304,0.0445652173913043,0.0,0.9434276206322796,0.9588100686498856,0.015382448017606,1840
iniap_rice,R4_hybrid_log_area,rbf_svm,temperature_scaled,APS,mondrian,0.95,row,0.9505434782608696,0.0005434782608696,0.9989130434782608,1.0,0.9119565217391304,0.0445652173913043,0.0,0.9434276206322796,0.9588100686498856,0.015382448017606,1840
iniap_rice,R4_hybrid_log_area,rbf_svm,temperature_scaled,RAPS,marginal,0.9,group,0.9010869565217392,0.001086956521739,0.9304347826086956,1.0,0.8923913043478261,0.0885869565217391,0.0,0.8968386023294509,0.908466819221968,0.011628216892517,1840
iniap_rice,R4_hybrid_log_area,rbf_svm,temperature_scaled,RAPS,marginal,0.9,row,0.9010869565217392,0.001086956521739,0.9304347826086956,1.0,0.8923913043478261,0.0885869565217391,0.0,0.8968386023294509,0.908466819221968,0.011628216892517,1840
iniap_rice,R4_hybrid_log_area,rbf_svm,temperature_scaled,RAPS,mondrian,0.9,group,0.9,0.0,0.9304347826086956,1.0,0.8891304347826087,0.0902173913043478,0.0,0.8885191347753744,0.919908466819222,0.0313893320438476,1840
iniap_rice,R4_hybrid_log_area,rbf_svm,temperature_scaled,RAPS,mondrian,0.9,row,0.9,0.0,0.9304347826086956,1.0,0.8891304347826087,0.0902173913043478,0.0,0.8885191347753744,0.919908466819222,0.0313893320438476,1840
iniap_rice,R4_hybrid_log_area,rbf_svm,temperature_scaled,RAPS,marginal,0.95,group,0.9472826086956522,-0.0027173913043477,0.9864130434782608,1.0,0.9222826086956522,0.0456521739130434,0.0,0.9434276206322796,0.9501246882793016,0.0066970676470221,1840
iniap_rice,R4_hybrid_log_area,rbf_svm,temperature_scaled,RAPS,marginal,0.95,row,0.9472826086956522,-0.0027173913043477,0.9864130434782608,1.0,0.9222826086956522,0.0456521739130434,0.0,0.9434276206322796,0.9501246882793016,0.0066970676470221,1840
iniap_rice,R4_hybrid_log_area,rbf_svm,temperature_scaled,RAPS,mondrian,0.95,group,0.95,0.0,0.992391304347826,1.0,0.9195652173913044,0.0440217391304347,0.0,0.9434276206322796,0.9588100686498856,0.015382448017606,1840
iniap_rice,R4_hybrid_log_area,rbf_svm,temperature_scaled,RAPS,mondrian,0.95,row,0.95,0.0,0.992391304347826,1.0,0.9195652173913044,0.0440217391304347,0.0,0.9434276206322796,0.9588100686498856,0.015382448017606,1840
