dataset_id,representation,algorithm,probability_status,certainty_score,selected_in_calibration,target_calibration_coverage,certainty_threshold,calibration_achieved_coverage,test_n_total,test_n_retained,test_coverage,test_selective_accuracy,test_selective_risk,test_macro_f1,test_balanced_accuracy,test_mcc,test_classes_with_retained_samples,test_min_class_coverage
dry_bean,R1_full_native,rbf_svm,native,max_probability,True,1.0,-inf,1.0,2725,2725,1.0,0.923302752293578,0.076697247706422,0.936605259625814,0.9338937932300724,0.9074018935084024,7,1.0
dry_bean,R1_full_native,rbf_svm,native,max_probability,True,0.95,0.6272774914703847,0.950091743119266,2725,2561,0.939816513761468,0.9453338539632956,0.0546661460367043,0.9555304706944536,0.9536702383922072,0.9341320501107344,7,0.9106463878326996
dry_bean,R1_full_native,rbf_svm,native,max_probability,True,0.9,0.7504361924855383,0.9001834862385321,2725,2440,0.8954128440366973,0.960655737704918,0.0393442622950819,0.96649297531169,0.964991904466836,0.9526665241736448,7,0.8174904942965779
dry_bean,R1_full_native,rbf_svm,native,max_probability,True,0.8,0.8931918944948127,0.8,2725,2199,0.8069724770642202,0.9818099135970896,0.0181900864029104,0.9846639088282656,0.9838368765935316,0.978136435487582,7,0.6596958174904943
dry_bean,R1_full_native,rbf_svm,native,max_probability,True,0.7,0.95185909007402,0.7001834862385321,2725,1913,0.7020183486238533,0.9884997386304234,0.0115002613695766,0.989468580229847,0.9890597604134652,0.9861847724815777,7,0.4581749049429657
dry_bean,R1_full_native,rbf_svm,native,top2_margin,False,1.0,-inf,1.0,2725,2725,1.0,0.923302752293578,0.076697247706422,0.936605259625814,0.9338937932300724,0.9074018935084024,7,1.0
dry_bean,R1_full_native,rbf_svm,native,top2_margin,False,0.95,0.3049200316385042,0.950091743119266,2725,2562,0.940183486238532,0.945745511319282,0.0542544886807181,0.955263224146366,0.9533796803705452,0.9346431614572168,7,0.9068441064638784
dry_bean,R1_full_native,rbf_svm,native,top2_margin,False,0.9,0.5489367746482888,0.9001834862385321,2725,2437,0.8943119266055046,0.9618383258104226,0.0381616741895773,0.9673634850308848,0.9658925249261237,0.95410896960041,7,0.8155893536121673
dry_bean,R1_full_native,rbf_svm,native,top2_margin,False,0.8,0.8066497246580773,0.8,2725,2202,0.8080733944954128,0.9818346957311536,0.0181653042688465,0.9844406919956576,0.983531838478764,0.978171746854884,7,0.6615969581749049
dry_bean,R1_full_native,rbf_svm,native,top2_margin,False,0.7,0.9176520835541658,0.7001834862385321,2725,1918,0.7038532110091743,0.9890510948905108,0.010948905109489,0.989945127173572,0.9896346968446526,0.9868664421057394,7,0.4695817490494297
dry_bean,R1_full_native,rbf_svm,native,one_minus_normalized_entropy,False,1.0,-inf,1.0,2725,2725,1.0,0.923302752293578,0.076697247706422,0.936605259625814,0.9338937932300724,0.9074018935084024,7,1.0
dry_bean,R1_full_native,rbf_svm,native,one_minus_normalized_entropy,False,0.95,0.6010013194053807,0.950091743119266,2725,2579,0.9464220183486238,0.941837921675068,0.0581620783249321,0.95295358633123,0.95127996214766,0.9298403217461678,7,0.9182509505703422
dry_bean,R1_full_native,rbf_svm,native,one_minus_normalized_entropy,False,0.9,0.6604711809493721,0.9001834862385321,2725,2442,0.8961467889908257,0.9594594594594594,0.0405405405405405,0.966251145429482,0.96502151519225,0.9512252673073424,7,0.8231939163498099
dry_bean,R1_full_native,rbf_svm,native,one_minus_normalized_entropy,False,0.8,0.7958005302962678,0.8,2725,2199,0.8069724770642202,0.9799909049567984,0.0200090950432014,0.9827782806973384,0.9817849422358412,0.9759387290673333,7,0.6501901140684411
dry_bean,R1_full_native,rbf_svm,native,one_minus_normalized_entropy,False,0.7,0.8829661163075467,0.7001834862385321,2725,1909,0.7005504587155963,0.9884756416972236,0.0115243583027763,0.9893314793676026,0.9888863947423668,0.9861530066487784,7,0.4429657794676806
dry_bean,R1_full_native,rbf_svm,temperature_scaled,max_probability,True,1.0,-inf,1.0,2725,2725,1.0,0.923302752293578,0.076697247706422,0.936605259625814,0.9338937932300724,0.9074018935084024,7,1.0
dry_bean,R1_full_native,rbf_svm,temperature_scaled,max_probability,True,0.95,0.6304389828004803,0.950091743119266,2725,2562,0.940183486238532,0.9453551912568308,0.0546448087431693,0.9555430431036728,0.9536857474619111,0.934161032505928,7,0.9106463878326996
dry_bean,R1_full_native,rbf_svm,temperature_scaled,max_probability,True,0.9,0.7557396680448141,0.9001834862385321,2725,2440,0.8954128440366973,0.960655737704918,0.0393442622950819,0.96649297531169,0.964991904466836,0.9526665241736448,7,0.8174904942965779
dry_bean,R1_full_native,rbf_svm,temperature_scaled,max_probability,True,0.8,0.8981087590393322,0.8,2725,2199,0.8069724770642202,0.9818099135970896,0.0181900864029104,0.9846639088282656,0.9838368765935316,0.978136435487582,7,0.6596958174904943
dry_bean,R1_full_native,rbf_svm,temperature_scaled,max_probability,True,0.7,0.9551048607996174,0.7001834862385321,2725,1915,0.7027522935779816,0.9885117493472584,0.0114882506527415,0.989487181501058,0.9890818055128398,0.986201953959476,7,0.4600760456273764
dry_bean,R1_full_native,rbf_svm,temperature_scaled,top2_margin,False,1.0,-inf,1.0,2725,2725,1.0,0.923302752293578,0.076697247706422,0.936605259625814,0.9338937932300724,0.9074018935084024,7,1.0
dry_bean,R1_full_native,rbf_svm,temperature_scaled,top2_margin,False,0.95,0.3121628634222305,0.950091743119266,2725,2561,0.939816513761468,0.946114798906677,0.0538852010933229,0.9554999877646104,0.9535901588996716,0.9350966005127378,7,0.9068441064638784
dry_bean,R1_full_native,rbf_svm,temperature_scaled,top2_margin,False,0.9,0.5588376206185385,0.9001834862385321,2725,2437,0.8943119266055046,0.9618383258104226,0.0381616741895773,0.9673634850308848,0.9658925249261237,0.95410896960041,7,0.8155893536121673
dry_bean,R1_full_native,rbf_svm,temperature_scaled,top2_margin,False,0.8,0.8153884704637173,0.8,2725,2201,0.8077064220183486,0.9818264425261244,0.0181735574738755,0.9844311574256904,0.9835158446204056,0.97816030043416,7,0.6615969581749049
dry_bean,R1_full_native,rbf_svm,temperature_scaled,top2_margin,False,0.7,0.922896757452946,0.7001834862385321,2725,1919,0.7042201834862385,0.9890568004168838,0.0109431995831161,0.9899478238633852,0.9896360535126758,0.9868732340287948,7,0.4695817490494297
dry_bean,R1_full_native,rbf_svm,temperature_scaled,one_minus_normalized_entropy,False,1.0,-inf,1.0,2725,2725,1.0,0.923302752293578,0.076697247706422,0.936605259625814,0.9338937932300724,0.9074018935084024,7,1.0
dry_bean,R1_full_native,rbf_svm,temperature_scaled,one_minus_normalized_entropy,False,0.95,0.6062124491384087,0.950091743119266,2725,2578,0.9460550458715596,0.9418153607447634,0.0581846392552366,0.9528829275890024,0.9512394624550896,0.9298094042686348,7,0.9163498098859316
dry_bean,R1_full_native,rbf_svm,temperature_scaled,one_minus_normalized_entropy,False,0.9,0.666327607094674,0.9001834862385321,2725,2441,0.8957798165137615,0.959852519459238,0.040147480540762,0.9665298512346314,0.9652682278546284,0.9517116969437044,7,0.8250950570342205
dry_bean,R1_full_native,rbf_svm,temperature_scaled,one_minus_normalized_entropy,False,0.8,0.8037177414991075,0.8,2725,2194,0.8051376146788991,0.9799453053783044,0.0200546946216955,0.9827355819331312,0.9817433285853916,0.9758866130269208,7,0.6482889733840305
dry_bean,R1_full_native,rbf_svm,temperature_scaled,one_minus_normalized_entropy,False,0.7,0.8887805973731386,0.7001834862385321,2725,1914,0.7023853211009174,0.9885057471264368,0.0114942528735632,0.9893820504397248,0.9889444793483888,0.9861851179044078,7,0.4467680608365019
iniap_rice,R4_hybrid_log_area,rbf_svm,native,max_probability,False,1.0,-inf,1.0,1840,1840,1.0,0.982608695652174,0.017391304347826,0.9811650961412388,0.9814926832423136,0.9731277166511983,3,1.0
iniap_rice,R4_hybrid_log_area,rbf_svm,native,max_probability,False,0.95,0.9194542498863892,0.95,1840,1733,0.9418478260869564,0.9971148297749568,0.0028851702250433,0.9967341729278516,0.996532042565804,0.9955302656740758,3,0.8901601830663616
iniap_rice,R4_hybrid_log_area,rbf_svm,native,max_probability,False,0.9,0.9706263915738242,0.9,1840,1647,0.8951086956521739,0.9987856709168184,0.0012143290831815,0.9985472322628,0.9985472322628,0.99810251707389,3,0.7757437070938215
iniap_rice,R4_hybrid_log_area,rbf_svm,native,max_probability,False,0.8,0.9931089902209916,0.8,1840,1458,0.7923913043478261,0.9993141289437586,0.0006858710562414,0.9990678403306916,0.9994614970382336,0.9989080180775384,3,0.5743707093821511
iniap_rice,R4_hybrid_log_area,rbf_svm,native,max_probability,False,0.7,0.9973224616094198,0.7,1840,1282,0.6967391304347826,0.999219968798752,0.000780031201248,0.998815362855694,0.9993540051679588,0.9987342552873154,3,0.4416475972540046
iniap_rice,R4_hybrid_log_area,rbf_svm,native,top2_margin,True,1.0,-inf,1.0,1840,1840,1.0,0.982608695652174,0.017391304347826,0.9811650961412388,0.9814926832423136,0.9731277166511983,3,1.0
iniap_rice,R4_hybrid_log_area,rbf_svm,native,top2_margin,True,0.95,0.839064771221616,0.95,1840,1733,0.9418478260869564,0.9971148297749568,0.0028851702250433,0.9967341729278516,0.996532042565804,0.9955302656740758,3,0.8901601830663616
iniap_rice,R4_hybrid_log_area,rbf_svm,native,top2_margin,True,0.9,0.9432756364642232,0.9,1840,1644,0.8934782608695652,0.9987834549878344,0.0012165450121655,0.9985429969132706,0.9985429969132706,0.998099008801913,3,0.7734553775743707
iniap_rice,R4_hybrid_log_area,rbf_svm,native,top2_margin,True,0.8,0.9863361371731318,0.8,1840,1460,0.7934782608695652,0.9993150684931508,0.0006849315068493,0.9990682753091352,0.999462365591398,0.9989093157420268,3,0.5743707093821511
iniap_rice,R4_hybrid_log_area,rbf_svm,native,top2_margin,True,0.7,0.9948696664780629,0.7,1840,1284,0.6978260869565217,0.9992211838006232,0.0007788161993769,0.9988089958821664,0.9993502274204028,0.9987343918074724,3,0.4393592677345537
iniap_rice,R4_hybrid_log_area,rbf_svm,native,one_minus_normalized_entropy,False,1.0,-inf,1.0,1840,1840,1.0,0.982608695652174,0.017391304347826,0.9811650961412388,0.9814926832423136,0.9731277166511983,3,1.0
iniap_rice,R4_hybrid_log_area,rbf_svm,native,one_minus_normalized_entropy,False,0.95,0.7440113319195522,0.95,1840,1731,0.9407608695652174,0.997689196995956,0.0023108030040439,0.997380083767764,0.9969734441140782,0.9964207695679506,3,0.8878718535469108
iniap_rice,R4_hybrid_log_area,rbf_svm,native,one_minus_normalized_entropy,False,0.9,0.8764983315055703,0.9,1840,1647,0.8951086956521739,0.9987856709168184,0.0012143290831815,0.9985472322628,0.9985472322628,0.99810251707389,3,0.7757437070938215
iniap_rice,R4_hybrid_log_area,rbf_svm,native,one_minus_normalized_entropy,False,0.8,0.9611779923179196,0.8,1840,1461,0.7940217391304348,0.999315537303217,0.000684462696783,0.999071333402478,0.9994632313472892,0.9989104854300668,3,0.5766590389016019
iniap_rice,R4_hybrid_log_area,rbf_svm,native,one_minus_normalized_entropy,False,0.7,0.9825571972432656,0.7,1840,1284,0.6978260869565217,0.9992211838006232,0.0007788161993769,0.9988127590827688,0.9993577392421322,0.9987352994160084,3,0.4393592677345537
iniap_rice,R4_hybrid_log_area,rbf_svm,temperature_scaled,max_probability,False,1.0,-inf,1.0,1840,1840,1.0,0.982608695652174,0.017391304347826,0.9811650961412388,0.9814926832423136,0.9731277166511983,3,1.0
iniap_rice,R4_hybrid_log_area,rbf_svm,temperature_scaled,max_probability,False,0.95,0.9318536115620584,0.95,1840,1733,0.9418478260869564,0.9971148297749568,0.0028851702250433,0.9967341729278516,0.996532042565804,0.9955302656740758,3,0.8901601830663616
iniap_rice,R4_hybrid_log_area,rbf_svm,temperature_scaled,max_probability,False,0.9,0.977314004808418,0.9,1840,1647,0.8951086956521739,0.9987856709168184,0.0012143290831815,0.9985472322628,0.9985472322628,0.99810251707389,3,0.7757437070938215
iniap_rice,R4_hybrid_log_area,rbf_svm,temperature_scaled,max_probability,False,0.8,0.9952551254841104,0.8,1840,1459,0.7929347826086957,0.9993145990404386,0.0006854009595613,0.9990682753091352,0.999462365591398,0.9989086421112304,3,0.5743707093821511
iniap_rice,R4_hybrid_log_area,rbf_svm,temperature_scaled,max_probability,False,0.7,0.9982876009397008,0.7,1840,1280,0.6956521739130435,0.99921875,0.0007812499999999,0.998814103612455,0.9993514915693904,0.9987323907143704,3,0.4416475972540046
iniap_rice,R4_hybrid_log_area,rbf_svm,temperature_scaled,top2_margin,True,1.0,-inf,1.0,1840,1840,1.0,0.982608695652174,0.017391304347826,0.9811650961412388,0.9814926832423136,0.9731277166511983,3,1.0
iniap_rice,R4_hybrid_log_area,rbf_svm,temperature_scaled,top2_margin,True,0.95,0.8637906857817761,0.95,1840,1733,0.9418478260869564,0.9971148297749568,0.0028851702250433,0.9967341729278516,0.996532042565804,0.9955302656740758,3,0.8901601830663616
iniap_rice,R4_hybrid_log_area,rbf_svm,temperature_scaled,top2_margin,True,0.9,0.956137197393874,0.9,1840,1644,0.8934782608695652,0.9987834549878344,0.0012165450121655,0.9985429969132706,0.9985429969132706,0.998099008801913,3,0.7734553775743707
iniap_rice,R4_hybrid_log_area,rbf_svm,temperature_scaled,top2_margin,True,0.8,0.990528411313376,0.8,1840,1461,0.7940217391304348,0.999315537303217,0.000684462696783,0.99907089982606,0.999462365591398,0.9989105364449112,3,0.5766590389016019
iniap_rice,R4_hybrid_log_area,rbf_svm,temperature_scaled,top2_margin,True,0.7,0.9967241456579492,0.7,1840,1282,0.6967391304347826,0.999219968798752,0.000780031201248,0.9988077218243722,0.9993476842791912,0.9987325056870856,3,0.4393592677345537
iniap_rice,R4_hybrid_log_area,rbf_svm,temperature_scaled,one_minus_normalized_entropy,False,1.0,-inf,1.0,1840,1840,1.0,0.982608695652174,0.017391304347826,0.9811650961412388,0.9814926832423136,0.9731277166511983,3,1.0
iniap_rice,R4_hybrid_log_area,rbf_svm,temperature_scaled,one_minus_normalized_entropy,False,0.95,0.7729311291028094,0.95,1840,1733,0.9418478260869564,0.9971148297749568,0.0028851702250433,0.9967341729278516,0.996532042565804,0.9955302656740758,3,0.8901601830663616
iniap_rice,R4_hybrid_log_area,rbf_svm,temperature_scaled,one_minus_normalized_entropy,False,0.9,0.8996413850674962,0.9,1840,1647,0.8951086956521739,0.9987856709168184,0.0012143290831815,0.9985472322628,0.9985472322628,0.99810251707389,3,0.7757437070938215
iniap_rice,R4_hybrid_log_area,rbf_svm,temperature_scaled,one_minus_normalized_entropy,False,0.8,0.9719588404720456,0.8,1840,1462,0.7945652173913044,0.9993160054719562,0.0006839945280437,0.999071765583638,0.9994640943194,0.998911105312988,3,0.5766590389016019
iniap_rice,R4_hybrid_log_area,rbf_svm,temperature_scaled,one_minus_normalized_entropy,False,0.7,0.9882209213451518,0.7,1840,1284,0.6978260869565217,0.9992211838006232,0.0007788161993769,0.9988166123656518,0.9993564993564994,0.9987361085975552,3,0.4416475972540046
