relative_path,size_bytes,sha256
03_protocol/final_reconciliation_protocol.json,2034,c117d55cae2271d25709962f4d16cd62d93d671acccbd69ed3b874593246bde2
07_results/13B_FINAL_RECONCILIATION/figure_caption_catalog.csv,641,badb6e87fd0e9a140d5d21ab1a59e77e7117808c89e7a5218be3b4baaff01e4f
07_results/13B_FINAL_RECONCILIATION/final_notebook13B_validation.csv,702,61ebfc86f82c7dce9ab59c581972795f23d443de34972ceb5ff83607e21e32fe
07_results/13B_FINAL_RECONCILIATION/reliability_bins_dry_bean_calibration_native.csv,987,ae7a0739da70feb15456972abcc81e493568b4d81c3a156c66beef97e440a74d
07_results/13B_FINAL_RECONCILIATION/reliability_bins_dry_bean_calibration_temperature_scaled.csv,980,4fdd3f1c9a960b567d2e3d3a5b3f320fff691cf7eb88d53742cf387dcbef7e91
07_results/13B_FINAL_RECONCILIATION/reliability_bins_dry_bean_test_native.csv,1086,524b90c6d2b3639a7c93215f1471cb57116c24b8ea92455e8edd53b75baba755
07_results/13B_FINAL_RECONCILIATION/reliability_bins_dry_bean_test_temperature_scaled.csv,1064,f4056df57aa3650ddd7d2b4998c5526576f842f353d0f314b8de28d762ea81b3
07_results/13B_FINAL_RECONCILIATION/reliability_bins_iniap_rice_calibration_native.csv,693,5bc91e73c23ae7aa8efb273d1076cef8a482a3c530dde714e472b9d163513fa7
07_results/13B_FINAL_RECONCILIATION/reliability_bins_iniap_rice_calibration_temperature_scaled.csv,701,693a30ce0ad6343f20dbe1c2a491e4185187401033c1483ffaf013919d861c90
07_results/13B_FINAL_RECONCILIATION/reliability_bins_iniap_rice_test_native.csv,821,e33af35981e642749825d032a4f712f5c8c7b4f8e099ccb96f5413c791dca7d2
07_results/13B_FINAL_RECONCILIATION/reliability_bins_iniap_rice_test_temperature_scaled.csv,760,4c14b754db4bc880cc908f61cf58ae205b43117f8e9210321e5caf83b91dd8bb
07_results/13B_FINAL_RECONCILIATION/reviewer_response_evidence_map.csv,1475,a3f22d99ecb7946e36080c2caf6d714a31aa0d7144af78e0291e9e21dbfe2a2c
08_figures/main/Figure_1_corrected_representation_performance.pdf,14860,14323a1b30b555939ddd345276d810f8a996194bae8ebc3acba288a8abd23a01
08_figures/main/Figure_1_corrected_representation_performance.png,176425,01f44b7b326c8ce802ef99fe6da4655b4a5aec481eda40b41ac49887bbd3f465
08_figures/main/Figure_2_corrected_paired_contrasts.pdf,14789,b61e5393be3e1a4d01b642d8c0c807678ef62a43f77b4c73c62ad374115ba6e6
08_figures/main/Figure_2_corrected_paired_contrasts.png,173552,0da8b542c86c669fb6f29220112507e249d649f9612210ba3deffcded3607025
08_figures/main/Figure_3_controlled_R1_block_importance.pdf,14513,11ad18167f2956d093952c07e099a1a0a2f026b9910f9b9bd9e8687675d894fa
08_figures/main/Figure_3_controlled_R1_block_importance.png,162953,de3a4c417f568eae84f19e0b4181d4fbb3b6781b50954604894fc3c1cae11477
08_figures/main/Figure_4_risk_coverage_curves.pdf,16693,e028ae6298c72a7513d07bc9312cde2b79b46f90f05f591ebdf5a939d2aa04d0
08_figures/main/Figure_4_risk_coverage_curves.png,145212,937ff524d67ffd503fdcc6f4c63c4629ee79cd7d94e25bc6803ac979a3f4e1b8
08_figures/main/Figure_5_conformal_APS_summary.pdf,14251,97178fd69570145d9ff00d8f3835acf9de7b99fdc582bd00b8c0be97112eb659
08_figures/main/Figure_5_conformal_APS_summary.png,98963,6cd084cc62dd6a9ccf0d24acd13c77e69da59820dfc5eafaf6a985157efe8671
08_figures/main/Figure_6_controlled_R1_scale_sensitivity.pdf,16599,490a4c5279a90af0059efeb9788e8a94f9d8891502ada9bc0895ed80f1f76a4c
08_figures/main/Figure_6_controlled_R1_scale_sensitivity.png,183048,5034fc6e11ca8cb03000795e1ee0088c66b6577b4c3671cf2a45a59ca9db4f3c
08_figures/supplementary/Figure_S_confusion_matrix_dry_bean.pdf,21584,56c3f7288c6572d8b51454b1ab2ae940a712f8c0b9b946d5e517c4083c1a5260
08_figures/supplementary/Figure_S_confusion_matrix_dry_bean.png,197767,0a90d7f74731de07df916d5f7b6e67fce511916187d3ff8170ed725dcf3431e0
08_figures/supplementary/Figure_S_confusion_matrix_iniap_rice.pdf,17507,63c54f8c4867b119bb9a8dab20a2337fd53c0fa02ba5aa61c7d753cb890b7f3d
08_figures/supplementary/Figure_S_confusion_matrix_iniap_rice.png,120061,84cf07e2497ed6f1b54bc7cbc17b2f15073dd3d15f38357a527cafa090039f5b
08_figures/supplementary/Figure_S_reliability_dry_bean_calibration.pdf,16266,aa0a7acc0c423a5cc171571a95167ed48a923de89b74c20a796815feb59b848d
08_figures/supplementary/Figure_S_reliability_dry_bean_calibration.png,179801,03cb2a7c6b3198645d7cee0587849af19a1dfa40462df015ec13128b262ac11c
08_figures/supplementary/Figure_S_reliability_dry_bean_test.pdf,16303,03258290ef08a6b39de15a949a458df5faf9f40c9aae0538e1931cc7870e2be6
08_figures/supplementary/Figure_S_reliability_dry_bean_test.png,174984,5527881d0e1911c6929fbe0c406ac0f7fb71026cbedf80060276a4260b364303
08_figures/supplementary/Figure_S_reliability_iniap_rice_calibration.pdf,15594,9024abb42e4dad921940ccdae1b35b6c079b6bd8089bb6bb6f368596aa2982f8
08_figures/supplementary/Figure_S_reliability_iniap_rice_calibration.png,172829,817375eecc1ea0695737a8027224fb6d141ec66373ef760bfb9481eeecba175c
08_figures/supplementary/Figure_S_reliability_iniap_rice_test.pdf,15638,b9981797cb05e6b80589452a5e2a9fdd4c1c1c0e4389cf262120578d0a3cd04f
08_figures/supplementary/Figure_S_reliability_iniap_rice_test.png,192117,4c06b7c15da58c327f2b86b53ad031604a1886edaa94de25b04d790c4698de6e
09_tables/main/Table_1_frozen_models_and_provenance.csv,360,a832258c779ece3e1663e48a9bf97c14b0077b03f007f0d2b5648ec69d1d2548
09_tables/main/Table_1_frozen_models_and_provenance.md,779,74bb0ca976f92f92e61607fba618bacf63d25c7431a9a8be37e0d24307d3b75b
09_tables/main/Table_1_frozen_models_and_provenance.tex,492,5677a2561a9d3aa0f7c608d2decf481cf83777a52b287bdea82bec0bc6667281
09_tables/main/Table_2_exact_frozen_test_performance.csv,519,bc920c448cb5e7d3410c0ea2f206b361a08043f50eadd9e9331ef891c97126e9
09_tables/main/Table_2_exact_frozen_test_performance.md,779,f5bf3460bee0eb2b90a20e7763238df0855c364a09a94f6dfd0d8e5ca25967fc
09_tables/main/Table_2_exact_frozen_test_performance.tex,550,bc3645bf3d5576ac8253fdc8960c0b687a42cd2c8e393510f4119d75cc9b5873
09_tables/main/Table_3_corrected_representation_contrasts.csv,969,d79c7c2db08b5f7c36d4d30aa46546291099f96b6eee866d60b47a3b762d0ec4
09_tables/main/Table_3_corrected_representation_contrasts.md,1343,144e13c0935b260b96be119d4d90c4f0bbf3703f33ce682b1db778ea97f0d46d
09_tables/main/Table_3_corrected_representation_contrasts.tex,958,f8b466687a625000fd6c3a510a9f4bb20749b8514e2c3d825bfa4fd49a8f1ffc
09_tables/main/Table_4_original_selective_classification.csv,586,8432d7d26b93b4c379a1ebb76d415a0293c160d385c6b3f69a9e6d63cba620c7
09_tables/main/Table_4_original_selective_classification.md,1067,16521aeb063e9594bd27a2c046dd95b35cad1b5a470c713ff4fa55a83d0af94f
09_tables/main/Table_4_original_selective_classification.tex,655,78bfd51db880ee12716f3fd046e2ff184d05403fbf56aad1d32576af9f88258c
09_tables/main/Table_5_original_canonical_APS.csv,1000,b06d2eb376e4df9fcaccc034337b67e5be66c17d4f64b0b019c57bb6444477d9
09_tables/main/Table_5_original_canonical_APS.md,1589,d98b9004698425e284b3e08140deaef304a7adb26ddcb98f19ad4259e410cbd6
09_tables/main/Table_5_original_canonical_APS.tex,979,e0a341ea9ca454cfc0c5a49e3ec949272b617f9b8d0ed9dce0b09aebbc8c622c
09_tables/main/Table_6_controlled_R1_block_importance.csv,1088,f23690b07f1aa0eb628ca1a60b3c863d5634808bcddd01f0376ef64e080502cb
09_tables/main/Table_6_controlled_R1_block_importance.md,1899,079dd289c3c5f8ed393332013f769296b418f835ab49e4bdf15c9d691794278f
09_tables/main/Table_6_controlled_R1_block_importance.tex,1178,459e43f71ace52dfb2461d5ecfaef74390c69369b2eda4d8b92093a2874ca6b2
09_tables/main/Table_7_controlled_R1_scale_sensitivity.csv,2120,5f9783fb8d07c3327b8d1da57189c45411aac9002a2e26ea51de9b3e2ce1a0ee
09_tables/main/Table_7_controlled_R1_scale_sensitivity.md,2627,1c060a8dca14867b2149ab5c3dab02e39a85108112e4ef3c14d4c2fc4b4cc0f4
09_tables/main/Table_7_controlled_R1_scale_sensitivity.tex,2055,bcec79e00edfe34556f3425e0f082520c0b209dbc7693e773b77924dd4b5ac56
09_tables/supplementary/Table_S10_exact_McNemar_results.csv,1176,75bfcd28443ea73109cc5e65c0109655abbbe229b16cc2ca5f1c0e5d6a8e60da
09_tables/supplementary/Table_S10_exact_McNemar_results.md,2651,e6049e79ee7aeb8d0873968d8e65d8c13a19d342a721a6034fff439d8b09f04a
09_tables/supplementary/Table_S10_exact_McNemar_results.tex,1419,fe4d0967d748de653a5245de89f65fbf3aba4f8201e90bcd88bbb342a9622f8c
09_tables/supplementary/Table_S11_rice_equivalence_results.csv,947,5a1cf889a7bc237b926e4d696acb5de553704d0a85ed675eecc5d467274b1340
09_tables/supplementary/Table_S11_rice_equivalence_results.md,1546,2e4b603772241cf6549aa178755b044392d54e745836aed21f30b98cde0ea04b
09_tables/supplementary/Table_S11_rice_equivalence_results.tex,964,689c227ff3bfa6621bc5100f356a0718d9b38e76f2691d4de21cc4899e65fb6c
09_tables/supplementary/Table_S12_all_selective_operating_points.csv,14653,a7e39b85b7c8ff40471258b8f175e4e791f716b2f5e0cdcf30d6a47dda7a0dde
09_tables/supplementary/Table_S12_all_selective_operating_points.md,28271,164b4307c585836330e27cf8b49f8129f51153f2d18774d19f4a1b562332982c
09_tables/supplementary/Table_S12_all_selective_operating_points.tex,13688,71498a230b270acce1db1e0c076f415e8ffb1c4a68dba5ce0c916c823f787e1d
09_tables/supplementary/Table_S13_selective_operating_point_intervals.csv,26268,0949c4da46c37dc33abb1881ca7675741da49c4698a5fb059ffaf942d9562a8a
09_tables/supplementary/Table_S13_selective_operating_point_intervals.md,46169,41fd6e8db634451e2b95105732350bd9c280cad98804c9ede958eac57034e5c1
09_tables/supplementary/Table_S13_selective_operating_point_intervals.tex,28632,09cb1de34539dc9a3980a43be6bb50c2bd5a10f00bf4ca94eb0c0e27b8ad2225
09_tables/supplementary/Table_S14_selective_classwise_90pct.csv,1745,6a39750366a18cd2240696b829b86da8d2b60fda63da61c985438ecd0946ac13
09_tables/supplementary/Table_S14_selective_classwise_90pct.md,3731,81bd4a8661a88389d63f46904f3fa627f7d9ec0830a2ecb8e26c2a7616989268
09_tables/supplementary/Table_S14_selective_classwise_90pct.tex,2073,72b504dd6ad66dfd3a60e953ec428f2f46eacb17a7a36f7c2f2d1b2650d7567f
09_tables/supplementary/Table_S15_all_conformal_global_results.csv,22301,7a6de92d1a1ac8b23ce33c108bf800a4a66e6d681c5eb443cc4755f8862b1c42
09_tables/supplementary/Table_S15_all_conformal_global_results.md,36651,283132756618c1a6690eb0243cc4f43b798d4e6c4d5e3c46fc2a509d4cc2f6e1
09_tables/supplementary/Table_S15_all_conformal_global_results.tex,21047,1a6752d7aea98504e06c796eff621266e1250a72db56f80619ab01bf27f495b2
09_tables/supplementary/Table_S16_all_conformal_classwise_results.csv,65737,423817309ad5181bf6e7ef214a7624e496de367dc3f716d55b48db7032c30127
09_tables/supplementary/Table_S16_all_conformal_classwise_results.md,108931,bc3e0418d4c979d2c584c97b2f959ee6a0f513448c4f8ea826bd54be3bbb7133
09_tables/supplementary/Table_S16_all_conformal_classwise_results.tex,69561,a44a2bfa44f5a10da483d353013d40fd3d51da39e61a40ef4cc88390a20111e1
09_tables/supplementary/Table_S17_conformal_quantiles.csv,19836,72388e2af3196cb8810ee1e6b26e70baf9ec2b3b6073019c17df6ba58df3e71e
09_tables/supplementary/Table_S17_conformal_quantiles.md,39711,6c65ea23bdf464fd28cff5fc2e318adf8c79e6c13c1dafcad050ef072e4723d8
09_tables/supplementary/Table_S17_conformal_quantiles.tex,23721,5a1f28549b8ec2d2a18603ac0696942aadcbbebeed55c6587dbde56a2f28ec13
09_tables/supplementary/Table_S18_conformal_global_intervals.csv,37143,540dfdf0f1c02fb75399e71202784afb92e7b137104ce41dfb171aa64c0d31ae
09_tables/supplementary/Table_S18_conformal_global_intervals.md,61189,927690cb22d33acbffd7173e9b0499fe5c85b7f20a55786b51f4c9406cc1a5c4
09_tables/supplementary/Table_S18_conformal_global_intervals.tex,39567,ecf7d84ef8055e546a4c6db3d51f5feedba8b6223e5800b51ab4e20d7077d2f0
09_tables/supplementary/Table_S19_conformal_paired_comparisons.csv,26982,6ed0ca5153fe8132379bebeb57b3f4a88248382c15dbf533257d1e4c45dea8b0
09_tables/supplementary/Table_S19_conformal_paired_comparisons.md,40289,e84cb301d71c16d4f53f69ace8df31a22d463f47b0254517aeb26c4360599cc9
09_tables/supplementary/Table_S19_conformal_paired_comparisons.tex,27117,0ab22bc11f813f5d53243054052278b7e91cc3d1a4c159d1cf262a32fbbc7efc
09_tables/supplementary/Table_S1_source_reconciliation.csv,549,aa5b24493cdc714b4b8311a5fad2053d2f642ec93d236e0ac7c8fa6541142a33
09_tables/supplementary/Table_S1_source_reconciliation.md,1349,418ef9845bca325ec381f2fdc074a9af15d6f849ffd07375bd7af03ed83ae40d
09_tables/supplementary/Table_S1_source_reconciliation.tex,658,e837bff17c90d0c9d03fc7d2a7ec8c3138042ed65bc6054025d9666b9bf6185e
09_tables/supplementary/Table_S20_controlled_R1_importance.csv,1835,cbe6b14e516cc0b4362e57cc54ad2f1364ccd16bdb64473a5253b17ddfb3e96c
09_tables/supplementary/Table_S20_controlled_R1_importance.md,2829,0a0d5fb94e4b67f759c687639afecd53d6f32ac7b0a053e67a18858a9c580fa7
09_tables/supplementary/Table_S20_controlled_R1_importance.tex,1831,63e0ca92bc3f653da5a54271af8e4f4aab97e5dde4bfc7361513cebe5585797d
09_tables/supplementary/Table_S21_complete_R1_scale_sensitivity.csv,3043,1afb68d1c1925b0f47780d19656ebed557bcd5b0d082394a6ca90593ce614c3e
09_tables/supplementary/Table_S21_complete_R1_scale_sensitivity.md,3887,86cf0879670a52947449cbd3b969285dbe0dcccaa883cdfb54fe7670052da48d
09_tables/supplementary/Table_S21_complete_R1_scale_sensitivity.tex,2979,61a702c91ccab132f08c4125c1b53d4225259d80870c7a1ea0d984b520b759e9
09_tables/supplementary/Table_S22_naive_row_split_audit.csv,2820,f407a94582ada0817d0de608da02df7b6f840816d19793ddebe72a1a910c672b
09_tables/supplementary/Table_S22_naive_row_split_audit.md,4919,212c65095804942d8fbcc0bc959697a03cc82b5e2c07619b4e8ba201f22d1efb
09_tables/supplementary/Table_S22_naive_row_split_audit.tex,2568,2faf0575cb15350994e1334d04d64c4ca50853c03843ee2e7d3ece05713bb43d
09_tables/supplementary/Table_S23_fixed_test_duplicate_contamination.csv,568,22e24e3d39d3332a1dc5e9a3ffdd3ec29905152d01ec566754ed1304298238b8
09_tables/supplementary/Table_S23_fixed_test_duplicate_contamination.md,1427,8e4bfa1da0d8f1b92e3ad18697707f38ab181393cb607b08a0964d0e04235325
09_tables/supplementary/Table_S23_fixed_test_duplicate_contamination.tex,657,1e1d4aeae59ed39f1eefd422d468bbed896950bf1126a2364b7f27a900424076
09_tables/supplementary/Table_S24_notebook12_computational_timing.csv,1006,ef28095b9cddd0a7a3c9b52a4f37ec16f26576c59beb30ab9edcdbce08ec0053
09_tables/supplementary/Table_S24_notebook12_computational_timing.md,1607,4894d024ca901d5dba6e6bb6d8caf7f9570659e84397ebd7a0ee5dbcd085f3d9
09_tables/supplementary/Table_S24_notebook12_computational_timing.tex,965,f9c671808bbac5e772d976af830723520baac2e853499ba68aca88d1ed702a91
09_tables/supplementary/Table_S25_source_validation_summary.csv,113,6abb04b5bb660c64c6de428f083a3f4c9f05e9de8098fa1d2fcad2fc3eaff32f
09_tables/supplementary/Table_S25_source_validation_summary.md,299,dba0c490d1022518a03252ec59e8dfe233edf5c871ed2bdfa3cc6448f65af044
09_tables/supplementary/Table_S25_source_validation_summary.tex,213,34ecbc3e28588f6c30f12aa3cfbe778cd0da657e289d9e739f078f2070dd6be8
09_tables/supplementary/Table_S2_exact_model_metadata.csv,762,3639df9c7a3c17b25979ebfd3472e3cb2bfbd9f122c8b265201ef8dede3d6efd
09_tables/supplementary/Table_S2_exact_model_metadata.md,1903,ce0b98e78266b3f99b7be78d45cbbd2717ee438b098c7fbbe88494d9a9b9755c
09_tables/supplementary/Table_S2_exact_model_metadata.tex,912,262323e40703dd86183df92c510629e0610fe63a7052f243617d88a71c3d2923
09_tables/supplementary/Table_S3_primary_metric_bootstrap_intervals.csv,1809,386473f173ec357b76e503c930774938554e4cafccf4ce5a61deb3825119daec
09_tables/supplementary/Table_S3_primary_metric_bootstrap_intervals.md,2645,c870cf5ccd978e9bd41031ec38a750190c64c3f2b2f38521c176ba2bb8f03d87
09_tables/supplementary/Table_S3_primary_metric_bootstrap_intervals.tex,1951,257bafa104fd30ad9ecd8fa046e0b1e76148369ab909a07ad681d59b44666349
09_tables/supplementary/Table_S4_primary_metric_reconciliation.csv,2438,cf53422cff6c4e86c725c94e99164c21ce14878f1306f50df163bb269267b0b3
09_tables/supplementary/Table_S4_primary_metric_reconciliation.md,3483,4b3b519a2d2044da0a542d7a0890de4da7a2117e71d37ff3ce4d03e9556e11d0
09_tables/supplementary/Table_S4_primary_metric_reconciliation.tex,2179,0d6ea4d80eb91b7a1b6c43499edda00f9206ed082a03fcd6966a1f49968cd03f
09_tables/supplementary/Table_S5_calibration_audit.csv,1649,a456a257c300b982ea91287de46edd23d2865a48d0e2c96806c077b909987083
09_tables/supplementary/Table_S5_calibration_audit.md,2219,cfc4addbffe3e27741b4db48f4e8de5ec932f6b9b86679777cab6397e130fbf6
09_tables/supplementary/Table_S5_calibration_audit.tex,1512,5b2d6996f01c97d5da0f287444eb1c66bda38f9caa828acec494479ec62934b0
09_tables/supplementary/Table_S6_classwise_metrics.csv,1389,8a087fcbdc3c583d97420ce156fc0aa1a03826f7fd6ca40feee867d30a257197
09_tables/supplementary/Table_S6_classwise_metrics.md,1859,39b6cefd546c351f0cea9ef2d24179dd26cdbc4d229429378dfa046500d4690f
09_tables/supplementary/Table_S6_classwise_metrics.tex,1515,4283dac6022497fa60487b410de680a74d6389ef7b7831e2260f03644d660e2e
09_tables/supplementary/Table_S7_complete_representation_audit.csv,2015,54435eeee4e88cffbcfd361797ffdbefd1d764bbc622a94a1e0627776bf54e5f
09_tables/supplementary/Table_S7_complete_representation_audit.md,4739,cc1045b411d6508f211b76352d7b09586cc9306f5f7d972d7cbdf2dbdce1ccd5
09_tables/supplementary/Table_S7_complete_representation_audit.tex,2379,507b43ecbd6b3d64d64cdbcc83850f26f8d044382acd495ff3526811d11940a3
09_tables/supplementary/Table_S8_all_representation_metrics.csv,1502,359060e3f18fc6e7484b22de72eba2896db2306a86e9d8cbe88db84485735611
09_tables/supplementary/Table_S8_all_representation_metrics.md,1679,d6ac3fbe73dd27bf3b403722bcdc7889e38ad435eb37985bfe60061eabac965b
09_tables/supplementary/Table_S8_all_representation_metrics.tex,1223,3e0e5f2f942d9f8a5478635aaea4f0535f37192e5288dece1f927d456a143524
09_tables/supplementary/Table_S9_all_paired_representation_contrasts.csv,14825,c6d045d334c77756c38e1351b6e5d3b056ffcd347cc2b118a58276a323de17e2
09_tables/supplementary/Table_S9_all_paired_representation_contrasts.md,19923,d83f4e2bfa64f193235f0c4819b8393f2e9cbc1ba4ce331654330bec691834f7
09_tables/supplementary/Table_S9_all_paired_representation_contrasts.tex,13929,fbb1f46a39747d498186f5460310219946978471b70871bb8d14c67fc6f70142
09_tables/supplementary/Table_S_confusion_matrix_dry_bean.csv,227,4f81a0f2663845cdcea2773e4a8e1e16eb0e5460049e92893fdb772b689ea535
09_tables/supplementary/Table_S_confusion_matrix_dry_bean.md,827,f671925fa63c8aa7a03a03258a756691725b6e59560c76532b67e8f9842688bc
09_tables/supplementary/Table_S_confusion_matrix_dry_bean.tex,431,9a5d882be4d19ba894a551d624919bf054753d4b3a0531c816c37396593ce8fa
09_tables/supplementary/Table_S_confusion_matrix_iniap_rice.csv,94,19e970e82cc6513f3d97962c35e4898b092e16459b80e98ca1617d45b48fce42
09_tables/supplementary/Table_S_confusion_matrix_iniap_rice.md,279,e04b830f4bd01a711a4bc4fa811ce4048346a95a703833cc3bcf3f182ef809b5
09_tables/supplementary/Table_S_confusion_matrix_iniap_rice.tex,194,579a04ebd93173f1c28fd201f66ea5460cbc24744e9712e850a05fb70b92f8db
10_claim_register/numerical_claim_register.csv,1594,9e6cdffa63e0b14c61343f4111f8eca2282410c6cc94038a8f475fbb54289cc7
