bin_index,lower,upper,count,empirical_accuracy,mean_confidence,absolute_gap
5,0.3333333333333333,0.4,7,0.42857142857142855,0.364565992352695,0.06400543621873356
6,0.4,0.4666666666666667,13,0.3076923076923077,0.4305279381717971,0.12283563047948937
7,0.4666666666666667,0.5333333333333333,44,0.5,0.502795628521594,0.0027956285215939847
8,0.5333333333333333,0.6,46,0.5869565217391305,0.5680859397617197,0.01887058197741076
9,0.6,0.6666666666666666,58,0.6206896551724138,0.6352636181561124,0.014573962983698618
10,0.6666666666666666,0.7333333333333333,69,0.7536231884057971,0.6992718696464681,0.05435131875932897
11,0.7333333333333333,0.8,103,0.6213592233009708,0.7676541367879581,0.1462949134869873
12,0.8,0.8666666666666667,135,0.8074074074074075,0.834747350494435,0.027339943087027585
13,0.8666666666666667,0.9333333333333333,195,0.882051282051282,0.9047689700830615,0.022717688031779426
14,0.9333333333333333,1.0,2055,0.9878345498783455,0.986197164095863,0.0016373857824825144
