reviewer_item,status,evidence,response_action
M1,Resolved,"Tables 3, S7–S10; Figures 1–2",Define R3-complete and retain the old reduced R3 only as a sensitivity representation.
M2,Resolved,"Tables 6–7, S20–S21; Figures 3 and 6",Separate model reliance from representation sufficiency.
M3,Resolved,"Tables 3, S9–S10",Report metric bootstrap and exact McNemar separately.
M4,Manuscript action,,Add a verified numerical comparison with published Dry Bean benchmark studies.
M5,Clarified,Table 1 and final reconciliation protocol,State that measurements are image-space pixel descriptors and provide the real repository URL and license.
M6,Resolved,"Tables 3, S8–S9; Figures 1–2",Report and discuss R2.
M7,Resolved,Table S11,Use equivalence wording only where supported.
M8,Resolved,Table S5 and reliability diagrams,Describe temperature scaling as marginal or neutral.
M9,Resolved,"Tables 5, S15–S19; Figure 5",Report empty-set rates and nonempty coverage bounds.
M10,Resolved,Tables S22–S23,Quantify leakage sensitivity and describe grouping as a validity safeguard.
M11,Resolved,"Tables 4, S12–S13",State row- or group-level evaluation explicitly.
M12,Resolved,"Table S6, confusion tables and figures",Report classwise metrics and confusion matrices.
M13,Manuscript action,,Integrate verified 2023–2026 literature.
M14,Repository action,"Final ZIP, claim register and SHA-256 manifest","Deposit permitted data and code, then provide DOI and license."
