dataset_id,variable,role,dtype_observed,unique_values,missing_values,pixel_scale_behavior,algebraic_status
dry_bean,Area,feature,int64,12011,0,quadratic_with_scale,not_verified_as_exactly_reconstructible
dry_bean,Perimeter,feature,float64,13416,0,linear_with_scale,not_verified_as_exactly_reconstructible
dry_bean,MajorAxisLength,feature,float64,13543,0,linear_with_scale,not_verified_as_exactly_reconstructible
dry_bean,MinorAxisLength,feature,float64,13543,0,linear_with_scale,not_verified_as_exactly_reconstructible
dry_bean,AspectRation,feature,float64,13543,0,scale_invariant,exactly_reconstructible
dry_bean,Eccentricity,feature,float64,13543,0,scale_invariant,exactly_reconstructible
dry_bean,ConvexArea,feature,int64,12066,0,quadratic_with_scale,not_verified_as_exactly_reconstructible
dry_bean,EquivDiameter,feature,float64,12011,0,linear_with_scale,exactly_reconstructible
dry_bean,Extent,feature,float64,13535,0,scale_invariant,not_verified_as_exactly_reconstructible
dry_bean,Solidity,feature,float64,13526,0,scale_invariant,exactly_reconstructible
dry_bean,roundness,feature,float64,13543,0,scale_invariant,exactly_reconstructible
dry_bean,Compactness,feature,float64,13543,0,scale_invariant,exactly_reconstructible
dry_bean,ShapeFactor1,feature,float64,13543,0,inverse_linear_with_scale,exactly_reconstructible
dry_bean,ShapeFactor2,feature,float64,13543,0,requires_definition_review,not_verified_as_exactly_reconstructible
dry_bean,ShapeFactor3,feature,float64,13543,0,scale_invariant,exactly_reconstructible
dry_bean,ShapeFactor4,feature,float64,13543,0,requires_definition_review,not_verified_as_exactly_reconstructible
dry_bean,Class,target,object,7,0,not_applicable_target,not_applicable_target
iniap_rice,AREA,feature,int64,3290,0,quadratic_with_scale,not_verified_as_exactly_reconstructible
iniap_rice,PERIMETER,feature,float64,8724,0,linear_with_scale,not_verified_as_exactly_reconstructible
iniap_rice,MAJOR_AXIS,feature,float64,9148,0,linear_with_scale,not_verified_as_exactly_reconstructible
iniap_rice,MINOR_AXIS,feature,float64,9032,0,linear_with_scale,not_verified_as_exactly_reconstructible
iniap_rice,ECCENTRICITY,feature,float64,2082,0,scale_invariant,approximately_reconstructible_due_to_rounding
iniap_rice,CONVEX_AREA,feature,int64,3395,0,quadratic_with_scale,not_verified_as_exactly_reconstructible
iniap_rice,EXTENT,feature,float64,3663,0,scale_invariant,not_verified_as_exactly_reconstructible
iniap_rice,CLASS,target,object,3,0,not_applicable_target,not_applicable_target
