dataset_id,partition,class_label,n_records,within_partition_proportion
dry_bean,train,BARBUNYA,789,0.09667932851366254
dry_bean,train,BOMBAY,311,0.03810807499080995
dry_bean,train,CALI,972,0.11910305109667933
dry_bean,train,DERMASON,2128,0.2607523587795613
dry_bean,train,HOROZ,1134,0.13895355961279254
dry_bean,train,SEKER,1250,0.1531675039823551
dry_bean,train,SIRA,1577,0.1932361230241392
dry_bean,calibration,BARBUNYA,255,0.09357798165137615
dry_bean,calibration,BOMBAY,109,0.04
dry_bean,calibration,CALI,336,0.12330275229357798
dry_bean,calibration,DERMASON,727,0.2667889908256881
dry_bean,calibration,HOROZ,387,0.1420183486238532
dry_bean,calibration,SEKER,378,0.13871559633027522
dry_bean,calibration,SIRA,533,0.19559633027522935
dry_bean,test,BARBUNYA,278,0.10201834862385321
dry_bean,test,BOMBAY,102,0.03743119266055046
dry_bean,test,CALI,322,0.1181651376146789
dry_bean,test,DERMASON,691,0.2535779816513761
dry_bean,test,HOROZ,407,0.1493577981651376
dry_bean,test,SEKER,399,0.14642201834862387
dry_bean,test,SIRA,526,0.19302752293577982
iniap_rice,train,INIAP-11,1807,0.3273550724637681
iniap_rice,train,INIAP-12,2408,0.43623188405797103
iniap_rice,train,INIAP-20,1305,0.23641304347826086
iniap_rice,calibration,INIAP-11,592,0.3217391304347826
iniap_rice,calibration,INIAP-12,790,0.42934782608695654
iniap_rice,calibration,INIAP-20,458,0.24891304347826088
iniap_rice,test,INIAP-11,601,0.32663043478260867
iniap_rice,test,INIAP-12,802,0.4358695652173913
iniap_rice,test,INIAP-20,437,0.2375
